,tract,PID
0,19169001100.0,909176150
1,19169000700.0,905476230
2,19169000700.0,905476230
3,19169000200.0,535377150
4,19169000400.0,534177230
5,19169001302.0,908128060
6,19169000900.0,902135020
7,19169000100.0,528228540
8,19169001302.0,923426010
9,19169001302.0,908186050
10,19169000100.0,528186170
11,19169001302.0,923426070
12,19169000900.0,902204080
13,19169000200.0,535105100
14,19169001302.0,907405020
15,19169000600.0,531382110
16,19169000600.0,906380120
17,19169001100.0,909101060
18,19169000400.0,534152050
19,19169001302.0,923252075
20,19169000600.0,531376060
21,19169000900.0,902201120
22,19169001302.0,923228080
23,19169000900.0,902326030
24,19169000300.0,527451330
25,19169000100.0,528218100
26,19169001302.0,916386140
27,19169000100.0,533221090
28,19169000300.0,534128010
29,19169000100.0,528106110
30,19169000900.0,902206260
31,19169000100.0,528222090
32,19169000100.0,528218150
33,19169000900.0,903400180
34,19169000200.0,535453210
35,19169001302.0,916386010
36,19169001302.0,907181090
37,19169000900.0,902206020
38,19169000900.0,902206020
39,19169000300.0,527327050
40,19169000300.0,527455250
41,19169000300.0,527455250
42,19169000100.0,528326110
43,19169001302.0,914452190
44,19169001302.0,914452190
45,19169000200.0,535425060
46,19169000600.0,532376250
47,19169000600.0,532376250
48,19169000200.0,535379110
49,19169000100.0,528118010
50,19169000100.0,528235160
51,19169000700.0,905478030
52,19169000900.0,902106130
53,19169000900.0,902102080
54,19169001100.0,909176170
55,19169000100.0,533206070
56,19169000300.0,527302020
57,19169001302.0,907414060
58,19169000700.0,904301060
59,19169000600.0,532479020
60,19169000100.0,528110070
61,19169000400.0,534429130
62,19169000100.0,528365060
63,19169000100.0,533135020
64,19169001000.0,910203100
65,19169000700.0,905451390
66,19169000100.0,533213010
67,19169000100.0,528118030
68,19169001302.0,907200340
69,19169000100.0,528164060
70,19169001302.0,907202010
71,19169000100.0,528186180
72,19169001100.0,909250060
73,19169000100.0,528315060
74,19169000100.0,528231020
75,19169000100.0,528456230
76,19169001302.0,907180120
77,19169001000.0,911370410
78,19169000100.0,527108090
79,19169000100.0,528222050
80,19169000100.0,528429110
81,19169000900.0,902328100
82,19169000300.0,527451410
83,19169001302.0,914476130
84,19169000200.0,535453020
85,19169000200.0,535379100
86,19169000600.0,905108190
87,19169000600.0,905201110
88,19169000900.0,903227090
89,19169000600.0,905107300
90,19169000900.0,903401070
91,19169000900.0,903230100
92,19169000100.0,527105010
93,19169000100.0,528480020
94,19169000300.0,527402130
95,19169001100.0,909251080
96,19169001302.0,908201120
97,19169000100.0,533221080
98,19169000200.0,535178100
99,19169000200.0,535457050
100,19169001302.0,923226270
101,19169000200.0,535105090
102,19169000100.0,533253070
103,19169001302.0,907280170
104,19169001302.0,914476450
105,19169000200.0,535327200
106,19169000100.0,528441090
107,19169000600.0,906426195
108,19169000400.0,534275170
109,19169001302.0,923226180
110,19169001302.0,923226320
111,19169000100.0,528118050
112,19169000700.0,904300150
113,19169000100.0,533236050
114,19169000300.0,527354160
115,19169000100.0,528435040
116,19169000300.0,534129230
117,19169000200.0,535325350
118,19169000900.0,902408080
119,19169001302.0,916455050
120,19169001100.0,909276200
121,19169000400.0,534277060
122,19169000600.0,905107280
123,19169001302.0,923204050
124,19169000600.0,531376050
125,19169001000.0,903454010
126,19169000600.0,906412010
127,19169000200.0,535301060
128,19169000400.0,534453080
129,19169000200.0,535403210
130,19169000600.0,531382120
131,19169001302.0,916455120
132,19169000700.0,905475510
133,19169001302.0,916326090
134,19169001100.0,909101140
135,19169001302.0,907260050
136,19169001302.0,907131090
137,19169000900.0,903206160
138,19169000100.0,528222020
139,19169000200.0,526352090
140,19169000300.0,534201280
141,19169001302.0,908102330
142,19169000600.0,906385010
143,19169000400.0,534276230
144,19169000600.0,906420020
145,19169000300.0,527404120
146,19169001302.0,907192010
147,19169000100.0,527131030
148,19169000300.0,527452290
149,19169001302.0,907250030
150,19169001100.0,909251040
151,19169000200.0,535377100
152,19169000100.0,528174050
153,19169000100.0,533128090
154,19169000100.0,533250110
155,19169001302.0,908186040
156,19169000900.0,903231050
157,19169001302.0,908152110
158,19169000200.0,535476110
159,19169000100.0,533250050
160,19169000200.0,535325340
161,19169001100.0,909475050
162,19169001302.0,907196020
163,19169000100.0,533130160
164,19169000200.0,535102010
165,19169000600.0,531475220
166,19169000300.0,527325070
167,19169000900.0,903226160
168,19169000900.0,902134100
169,19169000900.0,902111010
170,19169000200.0,535381040
171,19169001000.0,910202060
172,19169000200.0,535477180
173,19169000100.0,528429120
174,19169001302.0,908127050
175,19169000100.0,528439010
176,19169000600.0,906223110
177,19169000100.0,528358010
178,19169000600.0,532378160
179,19169000600.0,531450040
180,19169000300.0,527326040
181,19169000900.0,903204095
182,19169000100.0,527182170
183,19169000600.0,905105040
184,19169000100.0,528477020
185,19169000600.0,905202210
186,19169000900.0,903425190
187,19169000200.0,535150210
188,19169000200.0,535453160
189,19169000200.0,535353130
190,19169000200.0,535456070
191,19169001302.0,908250090
192,19169000300.0,527452070
193,19169000900.0,902325100
194,19169001302.0,921126030
195,19169000700.0,905401060
196,19169001302.0,916402125
197,19169000600.0,531452010
198,19169000100.0,528363070
199,19169000100.0,533208090
200,19169000400.0,534401130
201,19169001000.0,910203230
202,19169001302.0,907420090
203,19169000900.0,902303100
204,19169000600.0,906392120
205,19169001000.0,903484080
206,19169000300.0,527301320
207,19169000100.0,527140090
208,19169001100.0,909428170
209,19169000600.0,905228050
210,19169000100.0,533234020
211,19169000100.0,533212100
212,19169000400.0,534475185
213,19169000700.0,905452150
214,19169000100.0,528176010
215,19169000200.0,535450160
216,19169000100.0,533215040
217,19169000100.0,528104010
218,19169000200.0,535325090
219,19169001100.0,909250210
220,19169000300.0,527325110
221,19169001000.0,910202030
222,19169000200.0,535175180
223,19169000300.0,534202160
224,19169001302.0,916403020
225,19169000200.0,535354100
226,19169000600.0,905227050
227,19169000400.0,534451020
228,19169000100.0,533120030
229,19169000700.0,905352010
230,19169000600.0,905108220
231,19169000100.0,527165170
232,19169000200.0,535353190
233,19169000100.0,528315070
234,19169000900.0,903232060
235,19169000600.0,906204180
236,19169000600.0,906475110
237,19169000600.0,906223040
238,19169001100.0,909253190
239,19169001302.0,923400150
240,19169001302.0,923226290
241,19169001100.0,909282020
242,19169000100.0,528110110
243,19169000400.0,534479320
244,19169000100.0,528150110
245,19169000600.0,906380160
246,19169001000.0,911370460
247,19169000200.0,535477090
248,19169000400.0,534478230
249,19169000600.0,906426060
250,19169000100.0,528235190
251,19169001302.0,923225440
252,19169001302.0,923276030
253,19169001100.0,909425060
254,19169000100.0,528188060
255,19169000100.0,527105140
256,19169000200.0,535477150
257,19169000200.0,535327210
258,19169000100.0,533213070
259,19169000600.0,904100100
260,19169000100.0,528188120
261,19169000100.0,528480180
262,19169000100.0,528114040
263,19169000100.0,528235020
264,19169001302.0,908275110
265,19169000600.0,905103140
266,19169000900.0,902402260
267,19169000100.0,528235200
268,19169000100.0,528181060
269,19169001302.0,923275200
270,19169001000.0,903451110
271,19169000100.0,528181040
272,19169001302.0,908102110
273,19169000100.0,533217050
274,19169000100.0,533350090
275,19169000100.0,528445070
276,19169000100.0,527212040
277,19169001302.0,907200270
278,19169000700.0,908201040
279,19169001302.0,907410100
280,19169001000.0,903481120
281,19169000200.0,535453180
282,19169001302.0,907227110
283,19169000600.0,531453010
284,19169000600.0,531478010
285,19169000200.0,535403200
286,19169000100.0,527254020
287,19169000100.0,527366030
288,19169000200.0,535325460
289,,528110040
290,19169000600.0,906392090
291,19169000200.0,535452140
292,19169000200.0,535151160
293,19169000200.0,535456050
294,19169000900.0,903429110
295,19169000900.0,903429110
296,19169001302.0,916455150
297,19169001100.0,909425180
298,19169000100.0,528175050
299,19169001000.0,910205010
300,19169000100.0,533206020
301,19169000900.0,902427040
302,19169000100.0,528427020
303,19169000100.0,528458070
304,19169000900.0,903401030
305,19169001100.0,909275040
306,19169000100.0,527163130
307,19169000600.0,905200350
308,19169000100.0,528363050
309,19169001302.0,908154205
310,19169000900.0,903233140
311,19169000600.0,905107070
312,19169000100.0,528240020
313,19169000600.0,906225180
314,19169000100.0,528114010
315,19169001302.0,907126030
316,19169000600.0,904100160
317,19169001100.0,909254130
318,19169000200.0,535403030
319,19169001302.0,907412010
320,19169000900.0,903228080
321,19169000600.0,531452100
322,19169000200.0,526302030
323,19169000900.0,902106090
324,19169000100.0,527161090
325,19169000600.0,532353120
326,19169000200.0,535453070
327,19169000400.0,534252110
328,19169000200.0,535327230
329,19169000700.0,905425125
330,19169001302.0,908103280
331,19169000100.0,528221060
332,19169001302.0,921128020
333,19169000100.0,528174040
334,19169001200.0,909256010
335,19169000100.0,533212060
336,19169001302.0,908204180
337,19169000100.0,533223100
338,19169001100.0,909176180
339,19169000900.0,903475040
340,19169000200.0,535426195
341,19169000600.0,905103040
342,19169000100.0,528110100
343,19169000400.0,534431030
344,19169000600.0,905300010
345,19169001302.0,914474070
346,19169000400.0,534428100
347,19169000100.0,533350050
348,19169001302.0,908188130
349,19169000400.0,534453150
350,,528458120
351,19169000200.0,535179050
352,19169000300.0,527302185
353,19169000300.0,534128190
354,19169000100.0,528180110
355,19169001302.0,916176125
356,19169001000.0,903454090
357,19169000200.0,535457010
358,19169000100.0,528462040
359,19169001100.0,909428120
360,19169001302.0,916460060
361,19169000100.0,528431050
362,19169000100.0,527110020
363,19169000200.0,535352080
364,19169000300.0,527402250
365,19169000200.0,535451040
366,19169000700.0,905452050
367,19169000900.0,903225090
368,19169000600.0,531363010
369,19169001302.0,923205025
370,19169000600.0,532377060
371,19169000900.0,902109160
372,19169000900.0,902128075
373,19169000100.0,528178070
374,19169000900.0,903225160
375,19169000600.0,906380170
376,19169000100.0,528174020
377,19169001000.0,910201110
378,19169000200.0,535325400
379,19169000200.0,535150070
380,19169000100.0,533254100
381,19169000100.0,533254130
382,19169001302.0,907194110
383,19169000600.0,531375100
384,19169000100.0,532477030
385,19169000100.0,534102025
386,19169000700.0,905452160
387,19169000100.0,533208050
388,19169000700.0,905427030
389,19169000200.0,535301010
390,19169001100.0,909280030
391,19169000100.0,528116010
392,19169000100.0,528228270
393,19169001302.0,907252210
394,19169001100.0,909475020
395,19169001302.0,907253110
396,19169000200.0,535325280
397,19169000600.0,532378240
398,19169001302.0,908102260
399,19169001302.0,908226180
400,19169000100.0,527425060
401,19169000300.0,527451540
402,19169000900.0,902128170
403,19169001000.0,903455090
404,19169001000.0,910203250
405,19169000900.0,903228070
406,19169000100.0,527214060
407,19169000100.0,527214060
408,19169000100.0,528427010
409,19169000200.0,535451250
410,19169001302.0,908152270
411,19169001100.0,909452050
412,19169000600.0,532354160
413,19169000600.0,531453100
414,19169000100.0,527328050
415,19169001302.0,907418010
416,19169000100.0,528344020
417,19169000600.0,532353180
418,19169000900.0,902106070
419,19169000100.0,528221050
420,19169000400.0,534479300
421,19169000600.0,906223060
422,19169000200.0,535105060
423,19169000100.0,528108040
424,19169001100.0,909279010
425,19169000100.0,527183030
426,19169000100.0,527276160
427,19169000900.0,902207130
428,19169000900.0,903227020
429,19169001302.0,908203100
430,19169000400.0,534152120
431,19169001302.0,907290240
432,19169000100.0,528478030
433,19169001000.0,910201180
434,19169000100.0,533208140
435,19169000100.0,528166150
436,19169000600.0,905107140
437,19169000100.0,527180100
438,19169000100.0,528458080
439,19169000600.0,905101450
440,19169001302.0,914460110
441,19169000400.0,534400290
442,19169001302.0,907254020
443,19169000100.0,528458030
444,19169000100.0,528480060
445,19169000600.0,905226050
446,19169000100.0,528253010
447,19169000100.0,528228345
448,19169000100.0,527425140
449,19169001302.0,907135020
450,19169000100.0,533206040
451,19169000200.0,535181140
452,19169000900.0,902427045
453,19169000300.0,527405130
454,19169000100.0,528431040
455,19169000300.0,527450210
456,19169000600.0,532378200
457,19169001100.0,909278020
458,19169000300.0,534225110
459,,909451130
460,19169000100.0,528142020
461,19169000300.0,527404030
462,19169000100.0,527162180
463,19169000400.0,534151180
464,19169001302.0,908204090
465,19169000600.0,532354070
466,19169000300.0,527302070
467,19169000100.0,527214030
468,19169000100.0,533128030
469,19169000900.0,902330010
470,19169001302.0,923228150
471,19169000300.0,527302080
472,19169000100.0,528344040
473,19169000200.0,535403040
474,19169000200.0,535375050
475,19169000200.0,535376060
476,19169001302.0,924151040
477,19169000100.0,528186160
478,19169000600.0,532351150
479,19169000600.0,905105010
480,19169000300.0,527452310
481,19169001100.0,909250200
482,19169000600.0,905101300
483,19169000900.0,902329080
484,19169000900.0,903225140
485,19169000100.0,533215080
486,19169000400.0,534452060
487,19169000100.0,532476050
488,19169001100.0,909428110
489,19169000100.0,528170040
490,19169000100.0,533110130
491,19169001302.0,921205030
492,19169001302.0,923203090
493,19169000200.0,535104120
494,19169000100.0,528366070
495,19169001302.0,923204040
496,19169000200.0,535378080
497,19169000100.0,533251130
498,,528235130
499,19169000900.0,903226130
500,19169000900.0,903235020
501,19169000100.0,527425110
502,19169000900.0,902327070
503,19169000900.0,903425270
504,,534127230
505,19169001302.0,914478100
506,19169000200.0,535301150
507,19169000900.0,903225150
508,19169000300.0,527402220
509,19169000700.0,904351240
510,19169000200.0,535452090
511,19169000100.0,528108020
512,19169000100.0,528427070
513,19169000900.0,902125020
514,19169001000.0,910201050
515,19169000100.0,527425090
516,19169001100.0,909277100
517,19169000600.0,531452070
518,19169000100.0,528387050
519,19169000700.0,905480240
520,19169000200.0,535476350
521,19169000100.0,527258010
522,19169000600.0,906394060
523,19169001100.0,909282030
524,19169000600.0,905225040
525,19169001302.0,908275130
526,19169000100.0,527226040
527,19169001000.0,903458110
528,19169000200.0,535425080
529,19169001302.0,907201220
530,19169000900.0,903426160
531,19169000700.0,905478140
532,19169000600.0,906475070
533,19169001302.0,907414070
534,19169001302.0,914476050
535,19169001302.0,923251180
536,19169000100.0,528235090
537,19169000300.0,527355150
538,19169000300.0,527454130
539,19169000100.0,533215020
540,19169000200.0,526302120
541,19169000600.0,532378220
542,19169001302.0,907420110
543,19169000300.0,527354100
544,19169000200.0,535404080
545,19169000600.0,906223090
546,19169000300.0,527450080
547,19169000700.0,905352030
548,19169001302.0,923275040
549,19169000600.0,906477110
550,19169001302.0,908103310
551,19169000600.0,531477040
552,19169000400.0,534176230
553,19169001302.0,907187060
554,19169000100.0,528385050
555,19169001302.0,908204160
556,19169001302.0,924100020
557,19169001302.0,907401080
558,19169000100.0,528108120
559,19169001302.0,916403230
560,19169000900.0,903236040
561,19169000900.0,903475060
562,19169000300.0,527302090
563,19169001302.0,923230120
564,19169000400.0,534403420
565,19169000900.0,902304060
566,19169001302.0,907290090
567,19169001302.0,907203090
568,19169000600.0,905102060
569,19169001302.0,907275150
570,19169000200.0,535152150
571,19169000100.0,528365090
572,19169001000.0,910200080
573,19169001302.0,923225080
574,19169000600.0,906402200
575,19169001302.0,921128050
576,19169001100.0,909250160
577,19169001302.0,908225170
578,19169000600.0,906380060
579,19169000100.0,527175130
580,19169000100.0,528480110
581,19169000100.0,528150070
582,19169001302.0,923400040
583,19169001000.0,910205020
584,19169000200.0,535103050
585,19169000100.0,528240150
586,,906226120
587,19169000200.0,535327140
588,19169000100.0,528427040
589,19169000100.0,528435020
590,19169000400.0,534431130
591,19169001302.0,923203110
592,19169000300.0,527356020
593,19169000100.0,527252090
594,19169000100.0,527258020
595,19169000100.0,533253060
596,19169000600.0,905107380
597,19169000600.0,531375040
598,19169000200.0,535355100
599,19169001302.0,907192120
600,19169000100.0,528138010
601,19169001302.0,908229020
602,19169000100.0,528480090
603,19169000100.0,527108070
604,19169000600.0,906226060
605,19169001302.0,908275290
606,19169000600.0,531375070
607,19169000100.0,528480070
608,19169000600.0,905300080
609,19169001302.0,907203040
610,19169000200.0,535450180
611,19169000600.0,531382070
612,19169000100.0,527216080
613,19169000600.0,906394050
614,19169000100.0,527252070
615,19169000400.0,534250010
616,19169000600.0,904100090
617,19169000700.0,905453040
618,19169000300.0,527326150
619,19169001100.0,909101050
620,19169001302.0,923203140
621,19169000600.0,906230020
622,19169000100.0,528218060
623,19169000600.0,906380040
624,19169000100.0,528228360
625,19169000600.0,532377130
626,19169000100.0,527256040
627,19169000900.0,903400030
628,19169000200.0,535453200
629,19169000100.0,528240080
630,19169000400.0,534476320
631,19169000900.0,902125080
632,19169000100.0,528327010
633,19169001302.0,916455070
634,19169000200.0,535350030
635,19169000600.0,905226170
636,19169000100.0,528488140
637,19169000100.0,528228580
638,19169000300.0,527453130
639,,534127210
640,19169000600.0,531452020
641,19169000600.0,531452180
642,19169000900.0,902300110
643,19169001302.0,924152030
644,19169000900.0,902110120
645,19169000100.0,528439080
646,19169001302.0,908151040
647,19169000100.0,528390020
648,19169000600.0,531453140
649,19169000600.0,905226110
650,19169000600.0,531363080
651,19169000300.0,527450520
652,19169000400.0,534252040
653,19169000300.0,527453140
654,19169000600.0,531385020
655,19169000400.0,534151175
656,19169001302.0,914452060
657,19169000200.0,535426130
658,19169000600.0,905200220
659,19169000900.0,903425280
660,19169000300.0,527326130
661,19169000900.0,902105110
662,19169000100.0,528477050
663,19169001100.0,909282130
664,19169000400.0,534402170
665,19169000100.0,528228340
666,19169000300.0,527404020
667,19169001302.0,908103350
668,19169000100.0,527126030
669,19169001302.0,916475040
670,19169000700.0,905452110
671,19169000100.0,533208020
672,19169000900.0,902103120
673,19169000300.0,527359180
674,19169000200.0,535475020
675,19169001302.0,923227100
676,19169000100.0,528150090
677,19169001302.0,914475030
678,19169001302.0,923225240
679,19169000100.0,527108060
680,19169000100.0,528482090
681,19169000300.0,527358060
682,19169000900.0,903235100
683,19169000900.0,903225040
684,19169000900.0,903225040
685,19169000700.0,905453080
686,19169000900.0,903227080
687,19169001302.0,908102140
688,19169000400.0,534275060
689,19169001302.0,907202080
690,19169000600.0,532351090
691,19169001302.0,923226300
692,19169001302.0,923226300
693,19169001302.0,923226300
694,19169001302.0,907180130
695,19169001302.0,907412040
696,19169000200.0,535456100
697,19169000100.0,528172020
698,19169001302.0,907175080
699,19169000400.0,534427140
700,19169000600.0,905200010
701,19169000100.0,528228555
702,19169000600.0,905300020
703,19169000100.0,533253030
704,19169001302.0,923228250
705,19169000300.0,534128100
706,19169001302.0,908103090
707,19169000600.0,531369010
708,19169000200.0,535426350
709,19169000100.0,527210050
710,19169001302.0,923225190
711,19169001302.0,923228210
712,19169000900.0,902401090
713,19169000100.0,528174080
714,19169001000.0,910200040
715,19169000100.0,528294060
716,19169000900.0,902128150
717,19169000200.0,535451010
718,19169000100.0,533221060
719,19169000200.0,535175050
720,,909451100
721,19169000600.0,905104210
722,19169001302.0,907275080
723,19169001302.0,907285080
724,19169001302.0,907285050
725,19169000100.0,528118040
726,19169001302.0,907255050
727,19169000600.0,905105190
728,19169001302.0,923201100
729,19169000100.0,528120030
730,19169001302.0,907135170
731,19169000200.0,535478010
732,19169000200.0,535180120
733,19169000400.0,534426110
734,19169000200.0,535403150
735,19169000600.0,531376010
736,19169000700.0,905475520
737,19169001302.0,907175030
738,19169000100.0,527212050
739,19169000900.0,902201110
740,19169000600.0,906201030
741,19169000200.0,535325130
742,19169000100.0,533213040
743,19169000300.0,527352150
744,19169000900.0,903226060
745,19169001302.0,923227080
746,19169001302.0,907252060
747,19169001302.0,907252060
748,19169000100.0,528102010
749,19169000100.0,533208040
750,19169000300.0,534128090
751,19169001302.0,908103260
752,19169000900.0,903231180
753,19169000100.0,533206050
754,19169000200.0,535403280
755,19169001302.0,907192030
756,19169001302.0,914465060
757,19169000900.0,903228120
758,19169000900.0,903229040
759,19169000200.0,535101120
760,19169000100.0,527180040
761,19169000900.0,902110080
762,19169000900.0,902405120
763,19169001302.0,924100070
764,19169001000.0,903454020
765,19169000100.0,527110120
766,19169000900.0,902136110
767,19169001302.0,907130060
768,19169000200.0,526350040
769,19169000200.0,535352090
770,19169001302.0,907295100
771,19169000100.0,528431060
772,19169000200.0,535126040
773,19169000400.0,534477110
774,19169000100.0,528222010
775,19169001302.0,923203010
776,19169000200.0,535154060
777,19169000100.0,533125120
778,19169000900.0,902301150
779,19169000100.0,533250160
780,19169000100.0,528106010
781,19169000600.0,532376040
782,19169000200.0,535151130
783,19169000100.0,528240070
784,19169000100.0,527184020
785,19169001302.0,907135230
786,19169000300.0,527402150
787,19169000600.0,532378070
788,19169001000.0,910201020
789,19169000600.0,905103060
790,19169001302.0,923228110
791,19169000600.0,904100170
792,19169000100.0,533242090
793,19169000100.0,528456180
794,19169001302.0,907285100
795,19169000200.0,535104020
796,19169000100.0,528439040
797,19169000100.0,528439040
798,19169001302.0,908225320
799,19169000100.0,527216070
800,19169000300.0,527451290
801,19169001302.0,907410050
802,19169001100.0,909254050
803,19169000600.0,531373060
804,19169000400.0,534451130
805,19169000900.0,902206220
806,19169000100.0,527164020
807,19169000100.0,527107130
808,19169001302.0,923225200
809,19169001100.0,909251030
810,19169001302.0,907194130
811,19169001302.0,907250070
812,19169001000.0,903454080
813,19169000400.0,534250335
814,19169000100.0,528108130
815,,923230010
816,19169001100.0,909281030
817,19169000300.0,527451320
818,19169000200.0,535303110
819,19169000100.0,528456200
820,19169000100.0,528120010
821,19169000900.0,902207170
822,19169001302.0,923204140
823,19169000600.0,906223080
824,,532378050
825,19169000600.0,906204140
826,19169001302.0,923202137
827,19169001302.0,907280040
828,19169000100.0,528170070
829,,909451020
830,19169000900.0,902300260
831,19169000200.0,535375160
832,19169000300.0,527405160
833,19169000300.0,534200030
834,19169000100.0,528186110
835,19169000300.0,527450110
836,19169000100.0,528292030
837,19169000200.0,535177020
838,19169000200.0,535478110
839,19169000100.0,528142070
840,19169000100.0,527276040
841,19169001302.0,908127070
842,19169001302.0,908186090
843,19169001302.0,916403290
844,19169000100.0,528327070
845,19169000200.0,535453040
846,19169001302.0,923276180
847,19169000400.0,534430110
848,19169001302.0,907187030
849,19169000200.0,535383120
850,19169000900.0,902205070
851,19169000200.0,535453100
852,19169000100.0,528488100
853,19169000400.0,534403370
854,19169000200.0,535455080
855,19169000200.0,535455080
856,19169000600.0,532479120
857,19169000600.0,531452260
858,19169000100.0,528488130
859,19169001302.0,923229010
860,19169000100.0,528382020
861,19169001302.0,914478045
862,19169000200.0,535478040
863,19169001302.0,907227080
864,19169000600.0,532376090
865,19169001302.0,907196050
866,19169001302.0,907265100
867,19169000100.0,528114050
868,19169001302.0,907260030
869,19169000600.0,905200510
870,19169000100.0,527106050
871,19169000300.0,527325160
872,19169000200.0,535403190
873,19169001302.0,907410040
874,19169000600.0,531384070
875,19169000100.0,528290170
876,19169001000.0,903457130
877,19169000900.0,902402250
878,19169000100.0,533223050
879,19169000300.0,527376090
880,19169000100.0,528168040
881,19169000100.0,528174070
882,19169000100.0,527106140
883,19169001100.0,909281080
884,19169000400.0,534250410
885,19169001302.0,907200250
886,19169001302.0,907200170
887,19169000100.0,527182190
888,19169000100.0,528290090
889,19169000100.0,528228440
890,19169000700.0,905476225
891,19169001302.0,907260040
892,19169000200.0,535376090
893,19169000200.0,526302040
894,19169000100.0,528188160
895,19169000300.0,527451450
896,19169000200.0,535453150
897,19169001302.0,907412020
898,19169001302.0,907412020
899,19169001302.0,907252220
900,19169000200.0,535354260
901,19169001000.0,910206010
902,19169000900.0,903232030
903,19169001302.0,921201060
904,19169000200.0,535353040
905,19169000400.0,534427040
906,19169000100.0,527368020
907,19169000600.0,905103110
908,19169000100.0,528477080
909,19169000900.0,903230120
910,19169000600.0,906475050
911,19169000100.0,528429070
912,19169000700.0,905426010
913,19169000100.0,528150080
914,19169000400.0,534450090
915,19169000400.0,534403440
916,19169000600.0,905201080
917,19169001302.0,914476380
918,19169000100.0,533223110
919,19169000400.0,534426040
920,19169000300.0,527358140
921,19169000100.0,528102030
922,19169000600.0,905107320
923,19169000100.0,528228290
924,19169000300.0,527427210
925,19169001100.0,909100110
926,19169000100.0,528228415
927,19169001100.0,909281130
928,19169001302.0,907202240
929,19169000900.0,903400040
930,19169000600.0,532351060
931,19169000600.0,532377100
932,19169000300.0,527325240
933,19169000100.0,528390210
934,19169000600.0,532354150
935,19169001000.0,903452025
936,19169000100.0,528456240
937,19169000300.0,534225120
938,19169000600.0,906382060
939,19169000100.0,528166060
940,19169000100.0,533253180
941,19169000100.0,528315110
942,19169000200.0,535150280
943,19169000900.0,902305110
944,19169001302.0,907125040
945,19169001000.0,910203020
946,19169000100.0,528363020
947,19169001302.0,923202025
948,19169000100.0,528429100
949,19169000100.0,533236040
950,19169000200.0,535151110
951,19169000700.0,905377020
952,19169000900.0,903401020
953,19169000600.0,906230010
954,19169000400.0,534479140
955,19169001100.0,909253180
956,19169000600.0,531379030
957,19169001302.0,907227090
958,19169001100.0,909282110
959,19169000100.0,528166120
960,19169001302.0,914467050
961,19169000700.0,905427140
962,19169000100.0,527165010
963,19169000300.0,527359050
964,19169000200.0,535180030
965,19169000900.0,902427150
966,19169000700.0,905451300
967,19169000900.0,903233100
968,19169000900.0,902301030
969,19169000400.0,534275010
970,19169001302.0,908152070
971,19169000600.0,905104090
972,19169000200.0,535375040
973,19169001302.0,907202220
974,19169001302.0,907227050
975,19169000200.0,535382020
976,19169000700.0,905403060
977,19169000600.0,531376090
978,19169000200.0,535427070
979,19169001302.0,923228270
980,19169000100.0,528228445
981,19169001302.0,907125020
982,19169000100.0,533206060
983,19169000100.0,528275060
984,19169000400.0,534403290
985,19169000200.0,526351100
986,19169000300.0,534201300
987,19169000100.0,527105060
988,19169000700.0,904302020
989,19169000100.0,527107210
990,19169000400.0,534425080
991,19169000100.0,528354110
992,19169001302.0,907290250
993,19169000100.0,528480150
994,19169000400.0,534427010
995,19169000600.0,905106140
996,19169001302.0,914452120
997,19169001302.0,907250050
998,19169001100.0,909425140
999,19169000200.0,535301080
1000,19169000300.0,534125120
1001,19169000100.0,528186090
1002,19169000100.0,533236070
1003,19169000900.0,903228060
1004,19169000100.0,528351010
1005,19169001302.0,916403200
1006,19169000700.0,905401020
1007,19169000200.0,535382100
1008,19169000700.0,905476170
1009,19169000100.0,527364030
1010,19169000200.0,526355190
1011,19169001100.0,916226090
1012,19169000100.0,533223020
1013,19169001302.0,908275300
1014,19169000300.0,527451170
1015,19169001302.0,907425015
1016,19169001302.0,923276100
1017,19169001100.0,909276010
1018,19169000100.0,528176070
1019,19169001302.0,907412080
1020,19169001302.0,923400110
1021,19169001302.0,923229100
1022,19169000900.0,903233180
1023,19169000100.0,528231030
1024,19169001100.0,909254070
1025,19169000300.0,527455060
1026,19169000400.0,534478140
1027,19169000600.0,905108120
1028,19169000700.0,905377130
1029,19169000600.0,905201090
1030,19169000700.0,905480210
1031,19169000400.0,534278070
1032,19169000100.0,527368010
1033,19169000100.0,528188090
1034,19169000200.0,535180130
1035,19169000100.0,533210060
1036,19169000300.0,527359010
1037,19169000100.0,533130130
1038,19169000600.0,531371050
1039,19169000200.0,535354050
1040,19169000900.0,902106010
1041,19169000900.0,902106010
1042,19169000100.0,533213020
1043,19169000100.0,528456220
1044,19169001302.0,907227290
1045,19169000100.0,528186010
1046,19169000600.0,905104240
1047,19169000600.0,906426090
1048,19169000900.0,902301120
1049,19169000900.0,902101010
1050,19169000300.0,527450030
1051,19169000200.0,535175070
1052,19169000100.0,528108070
1053,19169001100.0,909281020
1054,19169000100.0,533213140
1055,19169000200.0,535302070
1056,19169000700.0,905480030
1057,19169001302.0,907200110
1058,,907275030
1059,19169001302.0,907203110
1060,19169000100.0,527127100
1061,19169000100.0,528431020
1062,19169000200.0,535379060
1063,19169000900.0,903205085
1064,19169000600.0,531450120
1065,19169000900.0,902205130
1066,19169000600.0,904100140
1067,19169001302.0,923229140
1068,19169001000.0,903456060
1069,19169000100.0,528431120
1070,19169000600.0,905107220
1071,19169001000.0,903458170
1072,19169000300.0,534202030
1073,19169000100.0,527127140
1074,19169000200.0,535101150
1075,19169000200.0,535402070
1076,19169000200.0,535402070
1077,19169000900.0,902403070
1078,19169000100.0,528477070
1079,19169001302.0,908127100
1080,19169000900.0,902301080
1081,19169000900.0,903475100
1082,19169000900.0,903226150
1083,19169000900.0,902207080
1084,19169000200.0,535450210
1085,19169000200.0,535450210
1086,19169000200.0,535153070
1087,19169000600.0,905105170
1088,19169001302.0,907290080
1089,19169000200.0,526354070
1090,19169001000.0,903458060
1091,19169001000.0,903458060
1092,19169000600.0,532479050
1093,19169000300.0,527427090
1094,19169000600.0,905109170
1095,19169000700.0,905479110
1096,19169001302.0,907187040
1097,,909451040
1098,19169000700.0,905475160
1099,19169000400.0,534250370
1100,19169000700.0,905377010
1101,,908208020
1102,19169000600.0,531479020
1103,19169001100.0,909428280
1104,19169000200.0,535454070
1105,19169000200.0,535304020
1106,19169000100.0,527131110
1107,19169000400.0,534403280
1108,19169000100.0,527107040
1109,19169001302.0,907270040
1110,19169001000.0,903455140
1111,19169001302.0,907180040
1112,19169000100.0,528106020
1113,19169000100.0,528106020
1114,19169000100.0,528106020
1115,19169000100.0,528228285
1116,19169001302.0,907262080
1117,19169001302.0,923225260
1118,19169000200.0,535383060
1119,19169000300.0,527453050
1120,19169000100.0,527107030
1121,19169000900.0,903236130
1122,19169000400.0,534450180
1123,19169000100.0,528275080
1124,19169001100.0,909428340
1125,19169000100.0,528441080
1126,19169000100.0,527105130
1127,19169001302.0,907175060
1128,19169001302.0,908228010
1129,19169000700.0,905480180
1130,19169000300.0,534201240
1131,19169000100.0,528441020
1132,19169000100.0,527164090
1133,19169001100.0,909277070
1134,19169000400.0,534400060
1135,19169001302.0,907290210
1136,19169000600.0,906204150
1137,19169000600.0,531451150
1138,19169000100.0,528181080
1139,19169000200.0,535106140
1140,19169000100.0,533241010
1141,19169000400.0,534276180
1142,19169000100.0,527163010
1143,19169001302.0,907194020
1144,19169001302.0,907187010
1145,19169001302.0,908151050
1146,,528102140
1147,19169000300.0,534125080
1148,19169000100.0,528321010
1149,19169001302.0,914475090
1150,19169000400.0,534451120
1151,19169000900.0,902202090
1152,19169001100.0,909131125
1153,19169001100.0,909427230
1154,19169001100.0,909475040
1155,19169000100.0,533242030
1156,19169000100.0,528120170
1157,19169000900.0,902100010
1158,19169000200.0,535179060
1159,19169000400.0,534276070
1160,19169000700.0,905452140
1161,19169000100.0,528387030
1162,19169000400.0,534277090
1163,19169000100.0,534104100
1164,19169000900.0,902207220
1165,19169000900.0,902300215
1166,19169000400.0,534176140
1167,19169000900.0,902128160
1168,19169000300.0,527451180
1169,19169000700.0,905402070
1170,19169000700.0,905402070
1171,19169001302.0,916382110
1172,19169000400.0,534176060
1173,19169000300.0,527302110
1174,19169001100.0,909425270
1175,19169000300.0,527404050
1176,19169000700.0,905480150
1177,19169000900.0,903231090
1178,19169000600.0,531375120
1179,19169000600.0,906201021
1180,19169000600.0,531371070
1181,19169000100.0,528390100
1182,19169000600.0,906200230
1183,19169001302.0,907420040
1184,19169001302.0,916402215
1185,19169001302.0,907200290
1186,19169001302.0,908225180
1187,19169000600.0,906380050
1188,19169000200.0,535450190
1189,19169000100.0,528315030
1190,19169000200.0,535103070
1191,19169000600.0,905202090
1192,19169001302.0,907192090
1193,19169000100.0,527158090
1194,19169001302.0,916326040
1195,19169000400.0,534403040
1196,19169000100.0,528220040
1197,19169000100.0,528220040
1198,19169001302.0,907201280
1199,19169000100.0,528235180
1200,19169000100.0,528231050
1201,19169001302.0,907425010
1202,19169000600.0,905103180
1203,19169000100.0,528228450
1204,19169000600.0,906380030
1205,19169000100.0,528445060
1206,19169001100.0,909252110
1207,19169001100.0,909179020
1208,19169001100.0,909251050
1209,19169000900.0,903231010
1210,19169000100.0,528142090
1211,19169001302.0,907200280
1212,19169000100.0,528477040
1213,19169000900.0,903206070
1214,19169001100.0,909428190
1215,19169000100.0,528112040
1216,19169000100.0,528142040
1217,19169000900.0,902106060
1218,19169000300.0,527375100
1219,19169000100.0,527105070
1220,19169001100.0,909277090
1221,19169000100.0,527110130
1222,19169000300.0,527375210
1223,19169000100.0,533215030
1224,19169000600.0,906378100
1225,19169000300.0,527325090
1226,19169000200.0,526301100
1227,19169000200.0,535178060
1228,19169000900.0,903430090
1229,19169000400.0,534402140
1230,19169001302.0,908225240
1231,19169000400.0,534451110
1232,19169001302.0,914467040
1233,19169000300.0,527451110
1234,19169001302.0,907262020
1235,19169000300.0,527376110
1236,19169000700.0,904301375
1237,19169000700.0,905352070
1238,19169000100.0,527145090
1239,19169000100.0,527145090
1240,19169000900.0,902427180
1241,19169000900.0,903476030
1242,19169000400.0,534400030
1243,19169000100.0,533213120
1244,19169000100.0,528290010
1245,19169001302.0,907420060
1246,19169001302.0,907260010
1247,19169000600.0,906201200
1248,19169000600.0,906382020
1249,19169000600.0,532376160
1250,19169001000.0,910202070
1251,19169000100.0,528150120
1252,19169000900.0,902101050
1253,19169001100.0,909250070
1254,19169000200.0,535476240
1255,19169000100.0,528228405
1256,19169000600.0,905202230
1257,19169000100.0,527210060
1258,19169000100.0,528228460
1259,19169000100.0,528112020
1260,19169000100.0,528290180
1261,19169001302.0,907254050
1262,19169000600.0,904100040
1263,19169000300.0,534126060
1264,19169000200.0,535402010
1265,19169000400.0,534403080
1266,19169000600.0,532351140
1267,19169000900.0,903426010
1268,19169000600.0,531367050
1269,19169000100.0,533213130
1270,19169001302.0,907185060
1271,19169000700.0,905427010
1272,19169001302.0,908102100
1273,19169000100.0,527145080
1274,19169000400.0,534250300
1275,19169000600.0,905301050
1276,19169000300.0,534202180
1277,19169000600.0,531450170
1278,19169000100.0,533212120
1279,19169000900.0,902109120
1280,19169000200.0,535450310
1281,19169000900.0,903201030
1282,19169000100.0,533236060
1283,19169001302.0,908102130
1284,19169000600.0,905105070
1285,19169000100.0,533241030
1286,19169001302.0,923228260
1287,19169000300.0,534204030
1288,19169000200.0,535477020
1289,19169001302.0,907192130
1290,19169000400.0,534151120
1291,19169001302.0,908102170
1292,19169001302.0,907401050
1293,19169000900.0,902105060
1294,19169000400.0,534431050
1295,19169000100.0,528344060
1296,19169001100.0,909452114
1297,19169001100.0,909455040
1298,19169000400.0,534276190
1299,19169001302.0,907253060
1300,19169000900.0,902329090
1301,19169000300.0,527453160
1302,19169000900.0,903233080
1303,19169000100.0,528292060
1304,19169001200.0,909256120
1305,19169000600.0,906223220
1306,19169000200.0,535153150
1307,19169000100.0,527163080
1308,19169001302.0,907414080
1309,19169000300.0,527402090
1310,19169000200.0,535426260
1311,19169000100.0,528322020
1312,19169001302.0,908152180
1313,19169001100.0,909131170
1314,19169000100.0,527146135
1315,19169001302.0,907255010
1316,19169000100.0,528142110
1317,19169000100.0,533223030
1318,19169001302.0,907131120
1319,19169000300.0,534201130
1320,19169000100.0,528366050
1321,19169000100.0,528340030
1322,19169000900.0,903475020
1323,19169001302.0,908152290
1324,19169000100.0,527163100
1325,19169001302.0,916477020
1326,19169000200.0,535456010
1327,19169000300.0,534129080
1328,19169000200.0,535101020
1329,19169000100.0,528320060
1330,19169000900.0,903234220
1331,19169001000.0,911370520
1332,19169000100.0,528218020
1333,19169000900.0,902325050
1334,19169000700.0,905427070
1335,19169001302.0,907252050
1336,19169001302.0,907253130
1337,19169000900.0,903429080
1338,19169000300.0,527451060
1339,19169001302.0,907418040
1340,19169000200.0,535402230
1341,19169000300.0,527427230
1342,19169000900.0,903204030
1343,19169001302.0,923225360
1344,19169001302.0,923225360
1345,19169000900.0,903202120
1346,19169000300.0,527455050
1347,19169000900.0,903231190
1348,19169000100.0,528275110
1349,19169000600.0,906202040
1350,19169000100.0,528382030
1351,19169001302.0,907200190
1352,19169000600.0,531451110
1353,19169000600.0,906340130
1354,19169001302.0,923400025
1355,19169000100.0,528480130
1356,19169000400.0,534277070
1357,19169001302.0,907203060
1358,19169000100.0,528480160
1359,19169001302.0,907135050
1360,19169001302.0,916403010
1361,19169000100.0,528482020
1362,19169000700.0,905451320
1363,19169001302.0,907135260
1364,19169000300.0,527455280
1365,19169000300.0,527451400
1366,19169000100.0,528290030
1367,19169000200.0,535154080
1368,19169001100.0,909276110
1369,19169001302.0,914476010
1370,19169000200.0,535451210
1371,19169001302.0,916402115
1372,19169000300.0,527375160
1373,19169000100.0,527252080
1374,19169001302.0,916380060
1375,19169000100.0,533125080
1376,19169001302.0,908275180
1377,19169000100.0,528348030
1378,19169001302.0,907252190
1379,19169000100.0,527190220
1380,19169000400.0,534425015
1381,19169000100.0,528172060
1382,19169001100.0,909455060
1383,19169000100.0,527164120
1384,19169000400.0,534477270
1385,19169000100.0,527105050
1386,19169000600.0,906394040
1387,19169000900.0,902206240
1388,19169001100.0,909253010
1389,19169001100.0,909279080
1390,19169001302.0,907290040
1391,19169000200.0,535457020
1392,19169000900.0,902204120
1393,19169000200.0,535301170
1394,19169001302.0,923228230
1395,19169001302.0,923202060
1396,19169000700.0,904302260
1397,19169001100.0,909275250
1398,19169000600.0,531452080
1399,19169000100.0,528138020
1400,19169000600.0,905101330
1401,19169001302.0,916475110
1402,19169000300.0,534128020
1403,19169001100.0,909475300
1404,19169000300.0,527358090
1405,19169001100.0,909250120
1406,19169001100.0,909254150
1407,19169000600.0,905202190
1408,19169000300.0,527353060
1409,19169000700.0,905478220
1410,19169001302.0,916402015
1411,19169000700.0,905426100
1412,19169001302.0,923228220
1413,19169000100.0,527182020
1414,19169000100.0,528175060
1415,,909451180
1416,,908102040
1417,19169000900.0,903230110
1418,19169000600.0,906223210
1419,19169000300.0,527377030
1420,19169000600.0,905101260
1421,19169000900.0,903426180
1422,19169001302.0,916475020
1423,19169000600.0,905200490
1424,19169000700.0,905401045
1425,19169000900.0,902205090
1426,19169001000.0,910205130
1427,19169000100.0,528280130
1428,,534127130
1429,19169000200.0,526353030
1430,19169001000.0,903481100
1431,19169000200.0,535402120
1432,19169000300.0,527302210
1433,19169000600.0,532378130
1434,19169000900.0,902301130
1435,19169000900.0,902103100
1436,19169000200.0,535454100
1437,19169001100.0,909250040
1438,19169000900.0,902325070
1439,19169000100.0,533125140
1440,19169001302.0,924100060
1441,19169000100.0,533251120
1442,19169001302.0,907414020
1443,19169000200.0,535451110
1444,19169000200.0,535302130
1445,19169000700.0,905402110
1446,19169000700.0,905402110
1447,19169000400.0,534175100
1448,19169000100.0,527164060
1449,19169001302.0,907270050
1450,19169000100.0,528178010
1451,19169001302.0,907200230
1452,19169000100.0,527162090
1453,19169000300.0,527450460
1454,19169000100.0,528106120
1455,19169000100.0,528294070
1456,19169000200.0,535455090
1457,19169000200.0,535176070
1458,19169000900.0,902405070
1459,19169000200.0,535478090
1460,19169001302.0,907202130
1461,19169000900.0,902100030
1462,19169000900.0,902105050
1463,19169000400.0,534252270
1464,19169000600.0,532377050
1465,19169000400.0,534177210
1466,19169000100.0,533221030
1467,19169001100.0,909175030
1468,19169000100.0,528164040
1469,19169000300.0,527402240
1470,19169000100.0,528181070
1471,19169000200.0,535152130
1472,19169000200.0,535353160
1473,19169001302.0,907420080
1474,19169001302.0,907410130
1475,19169000400.0,534403410
1476,19169000100.0,533205110
1477,19169001302.0,907262050
1478,19169000900.0,902405100
1479,19169000400.0,534251280
1480,19169000100.0,533205060
1481,19169001302.0,907405130
1482,19169001302.0,924100050
1483,19169001302.0,923225370
1484,19169000600.0,906203120
1485,19169000900.0,903400220
1486,19169001000.0,911370530
1487,19169000100.0,528235120
1488,19169000100.0,532477040
1489,19169000100.0,528228430
1490,19169000300.0,527357110
1491,19169001302.0,907202100
1492,19169000300.0,534127190
1493,19169000200.0,535125070
1494,19169000200.0,535401080
1495,19169000400.0,534403400
1496,19169001302.0,908188150
1497,19169000300.0,527427160
1498,19169000100.0,528326060
1499,19169000600.0,531385130
1500,19169000600.0,906230030
1501,19169000600.0,906426210
1502,19169000102.0,527162110
1503,19169000102.0,527276150
1504,19169001303.0,907201230
1505,19169000600.0,905104110
1506,19169001302.0,914476330
1507,19169001303.0,907290160
1508,19169001303.0,907125080
1509,19169001304.0,908188110
1510,19169000102.0,528172150
1511,19169000200.0,535350040
1512,19169000200.0,535302140
1513,19169000102.0,528108010
1514,19169000600.0,531375090
1515,19169000200.0,526353050
1516,19169001101.0,909276170
1517,19169000102.0,528228295
1518,19169001303.0,907202050
1519,19169000600.0,905107240
1520,19169000200.0,535305180
1521,19169000600.0,531453040
1522,19169001302.0,923277040
1523,19169000105.0,528435070
1524,19169000300.0,527454120
1525,19169001302.0,923228290
1526,19169001000.0,903451090
1527,19169000300.0,527354050
1528,19169000200.0,526351010
1529,19169001304.0,908128110
1530,19169000700.0,905427050
1531,19169001302.0,923230200
1532,19169000102.0,528228565
1533,19169000600.0,906402070
1534,19169000105.0,528431070
1535,19169000600.0,532378120
1536,19169001303.0,907290020
1537,19169000600.0,905106210
1538,19169000400.0,534276290
1539,,528458140
1540,19169001000.0,903453080
1541,19169001000.0,910203290
1542,19169000300.0,534226060
1543,19169000400.0,534178010
1544,19169001303.0,907401060
1545,19169001304.0,908250030
1546,19169001101.0,909281010
1547,19169001302.0,914475010
1548,19169001302.0,923225050
1549,19169001302.0,916455170
1550,19169000400.0,534451170
1551,19169001101.0,909175080
1552,19169000600.0,906225210
1553,19169000900.0,903234090
1554,19169001303.0,907251090
1555,19169000700.0,905475500
1556,,528458180
1557,19169001101.0,909252170
1558,19169000600.0,906425045
1559,19169000900.0,903228150
1560,19169000400.0,534400050
1561,19169001302.0,914452090
1562,19169000105.0,528326030
1563,19169000700.0,905402090
1564,19169001303.0,907227060
1565,19169000600.0,905102010
1566,19169001303.0,907255020
1567,19169000105.0,528315090
1568,19169000105.0,528482010
1569,19169000200.0,535304170
1570,19169000102.0,528174030
1571,19169000200.0,535402330
1572,19169000900.0,903226170
1573,19169000600.0,906403060
1574,19169001304.0,908102320
1575,19169000200.0,535454050
1576,19169001101.0,909276210
1577,19169000102.0,528250030
1578,19169000600.0,531375130
1579,19169001303.0,907201060
1580,19169000102.0,527208010
1581,19169000900.0,902402150
1582,19169000102.0,528174010
1583,19169000900.0,903233120
1584,19169000105.0,528490080
1585,19169000300.0,527357180
1586,19169000600.0,532354090
1587,19169000300.0,527354200
1588,19169000900.0,903233050
1589,19169000200.0,535378020
1590,19169000102.0,528250070
1591,19169000200.0,535353240
1592,19169000102.0,528240060
1593,19169000900.0,903228040
1594,19169000105.0,533252130
1595,19169000200.0,535325290
1596,19169001303.0,907401090
1597,19169001304.0,908225290
1598,19169000600.0,905200290
1599,19169000200.0,535179120
1600,19169000600.0,905103030
1601,19169001303.0,907262060
1602,19169001101.0,909254090
1603,19169001101.0,909175100
1604,,923276250
1605,19169000102.0,527401130
1606,19169000300.0,534201040
1607,19169001304.0,908127120
1608,19169000600.0,905105260
1609,19169000700.0,904351200
1610,19169000900.0,902207110
1611,19169000900.0,902100110
1612,19169000900.0,902105010
1613,19169001101.0,909426060
1614,19169000400.0,534401140
1615,19169000300.0,527377110
1616,19169001304.0,908102290
1617,19169001303.0,907252120
1618,19169000200.0,535451170
1619,19169000900.0,903425245
1620,19169000900.0,902107050
1621,19169000600.0,531477020
1622,19169000600.0,905104180
1623,19169001101.0,909177120
1624,19169000102.0,528228375
1625,19169000600.0,906475170
1626,19169000400.0,534451150
1627,19169000200.0,535375010
1628,19169001101.0,909455030
1629,19169000105.0,528354050
1630,19169000400.0,534455080
1631,19169000900.0,903201090
1632,19169001000.0,910226060
1633,19169001000.0,910226060
1634,19169001302.0,916125425
1635,19169000300.0,534128210
1636,19169000105.0,528328100
1637,19169000900.0,903429010
1638,19169000600.0,531384030
1639,,528110020
1640,19169000600.0,532351050
1641,19169000102.0,527328010
1642,19169000900.0,902201090
1643,19169000300.0,534127270
1644,19169000600.0,531379050
1645,19169001303.0,907135080
1646,19169001304.0,908152280
1647,19169000600.0,905106150
1648,19169000300.0,527454050
1649,,923276260
1650,19169000105.0,533223010
1651,19169000400.0,534475170
1652,19169000105.0,533212020
1653,19169000105.0,533212020
1654,19169000200.0,535180020
1655,19169000300.0,527403120
1656,19169000105.0,528376010
1657,19169000102.0,527252050
1658,19169000105.0,533221100
1659,19169000102.0,528250060
1660,19169000200.0,535378120
1661,19169000900.0,903427090
1662,19169000105.0,528488120
1663,19169001000.0,910206110
1664,19169000600.0,905107110
1665,19169000900.0,902401030
1666,19169000102.0,527106150
1667,19169000400.0,534430090
1668,19169001302.0,923225150
1669,19169001101.0,909475230
1670,19169001304.0,908152060
1671,19169000700.0,905426200
1672,19169001101.0,909103020
1673,19169000900.0,902330040
1674,19169001304.0,908152035
1675,19169000102.0,528292040
1676,19169000400.0,534276010
1677,19169000400.0,534276010
1678,19169000400.0,534175010
1679,19169001101.0,909252150
1680,19169000600.0,905228020
1681,19169000200.0,535180100
1682,19169001302.0,923252080
1683,19169000600.0,906392100
1684,19169001303.0,907194010
1685,19169000200.0,535402100
1686,19169000900.0,902329070
1687,19169000900.0,903234030
1688,19169000105.0,533130170
1689,19169000400.0,534275100
1690,19169000102.0,527158020
1691,19169001101.0,909100170
1692,19169000102.0,527107010
1693,19169000600.0,532378180
1694,19169000400.0,534479120
1695,19169001302.0,923203100
1696,19169000900.0,902128100
1697,19169000102.0,528172080
1698,19169000102.0,528172050
1699,19169000105.0,528344100
1700,19169000600.0,905226130
1701,19169001303.0,907135180
1702,19169001303.0,907180050
1703,19169001101.0,909252020
1704,19169000400.0,534276160
1705,19169000102.0,527225035
1706,19169001302.0,923229110
1707,19169000102.0,528240030
1708,19169000200.0,526352080
1709,19169000400.0,534476260
1710,19169000700.0,905352140
1711,19169000600.0,531382090
1712,19169000900.0,902329030
1713,19169000200.0,535303150
1714,19169001000.0,911370540
1715,19169000200.0,535176100
1716,19169000200.0,535457070
1717,19169001101.0,909250220
1718,19169000400.0,534450150
1719,19169000102.0,528290190
1720,19169000900.0,902109080
1721,19169000300.0,527453010
1722,19169000900.0,903430130
1723,19169000900.0,902206040
1724,19169000102.0,528292070
1725,19169000105.0,533223080
1726,19169000200.0,535153140
1727,19169000102.0,528221070
1728,19169000600.0,533352150
1729,19169000105.0,528327060
1730,19169000105.0,528354060
1731,19169000700.0,905452040
1732,19169000102.0,527425035
1733,19169000200.0,535455060
1734,19169000600.0,905225090
1735,19169000105.0,528344070
1736,19169000102.0,527161010
1737,19169000200.0,535125010
1738,19169000600.0,531451280
1739,19169000102.0,528290060
1740,19169000600.0,906203140
1741,19169000900.0,902108060
1742,19169000105.0,533212010
1743,19169000300.0,527450280
1744,19169000600.0,532354060
1745,19169001304.0,908250040
1746,19169001303.0,907202140
1747,19169000600.0,906223140
1748,19169000900.0,903236200
1749,19169000400.0,534276360
1750,19169001303.0,907425035
1751,,528458110
1752,19169001302.0,923225390
1753,19169001302.0,923225390
1754,19169000900.0,903225050
1755,,909451140
1756,19169000600.0,906340110
1757,19169001101.0,909275160
1758,19169000102.0,527163020
1759,19169000200.0,535383110
1760,19169001302.0,921205070
1761,19169000900.0,902207150
1762,19169000400.0,534252240
1763,19169001101.0,909250150
1764,19169001303.0,907131070
1765,19169000400.0,534477090
1766,19169000300.0,527451460
1767,19169001101.0,909275310
1768,19169000200.0,535476370
1769,19169000300.0,527427200
1770,19169000900.0,903430080
1771,19169001303.0,907252020
1772,19169001101.0,909252010
1773,19169000700.0,905378040
1774,19169001303.0,907187080
1775,19169000300.0,527452190
1776,19169001304.0,908225370
1777,19169000600.0,906201050
1778,19169001303.0,907131190
1779,19169000600.0,533352170
1780,19169001000.0,903484020
1781,19169000200.0,535106190
1782,19169000105.0,528439030
1783,19169000300.0,527404140
1784,19169001303.0,907275090
1785,19169000600.0,906394020
1786,19169000200.0,535152010
1787,19169000600.0,531369060
1788,19169000300.0,534127170
1789,19169000300.0,527451020
1790,19169001000.0,903458020
1791,19169000105.0,528315080
1792,19169000200.0,535175030
1793,19169000600.0,906204280
1794,19169000300.0,534202020
1795,19169000102.0,527250040
1796,19169001304.0,908188140
1797,19169000200.0,535425050
1798,19169000102.0,527106010
1799,19169000102.0,528280110
1800,19169000102.0,527166040
1801,19169001304.0,908102050
1802,19169000600.0,904100030
1803,19169000700.0,905480090
1804,19169001302.0,914465055
1805,19169001101.0,909176140
1806,19169000200.0,535477060
1807,19169000300.0,527455030
1808,19169000102.0,528188150
1809,19169000105.0,528490040
1810,19169000300.0,527302050
1811,19169000900.0,902402130
1812,19169000105.0,528354100
1813,19169000900.0,902109110
1814,19169001303.0,907290170
1815,19169000900.0,903476100
1816,19169000102.0,527212060
1817,19169000300.0,534126090
1818,19169001101.0,909276070
1819,19169001101.0,909276070
1820,19169000400.0,534278190
1821,19169000300.0,534204120
1822,19169000200.0,535425040
1823,19169001303.0,907202160
1824,19169000900.0,903227070
1825,19169000600.0,531375050
1826,19169000200.0,535375140
1827,19169000300.0,534201230
1828,19169000600.0,906380100
1829,19169000200.0,535106180
1830,19169000200.0,535177100
1831,19169000600.0,531363040
1832,19169001101.0,909275080
1833,19169001000.0,910202050
1834,19169001303.0,907196040
1835,19169000102.0,528180070
1836,19169000300.0,527451380
1837,19169000400.0,534152100
1838,19169000400.0,534252070
1839,19169000102.0,528290140
1840,19169000300.0,527404180
1841,19169000600.0,904100190
1842,19169001304.0,908228040
1843,19169000900.0,902104060
1844,19169000300.0,527455090
1845,19169000102.0,528112150
1846,19169000400.0,534430080
1847,19169000600.0,905101070
1848,19169000600.0,531451030
1849,19169001302.0,923225490
1850,19169000600.0,531385060
1851,19169001303.0,907290070
1852,19169001304.0,908188120
1853,19169001303.0,907181100
1854,19169000200.0,535457090
1855,19169000900.0,902204060
1856,19169000400.0,534429030
1857,19169000900.0,902300020
1858,19169001303.0,907254090
1859,19169001304.0,908127060
1860,19169000400.0,534177180
1861,19169001302.0,923400125
1862,19169000102.0,528174060
1863,19169000102.0,528172070
1864,19169000600.0,905229040
1865,19169000200.0,535327160
1866,19169000200.0,535377090
1867,19169001302.0,916403250
1868,19169001302.0,916475100
1869,19169001304.0,908275220
1870,19169000102.0,528190010
1871,19169001303.0,907290180
1872,19169000700.0,909101180
1873,19169001302.0,923230190
1874,19169000300.0,527453150
1875,19169001302.0,923228420
1876,19169000600.0,905108090
1877,19169001302.0,914453045
1878,19169000200.0,535302120
1879,19169000200.0,535456110
1880,19169000102.0,527328020
1881,19169000200.0,535380050
1882,19169001302.0,923250210
1883,19169000200.0,535454060
1884,19169000400.0,534401200
1885,19169001101.0,909250030
1886,19169000300.0,527375180
1887,19169000700.0,905376090
1888,19169000400.0,534476100
1889,19169000102.0,528280100
1890,19169000102.0,528228435
1891,19169001302.0,923250060
1892,19169000200.0,535152230
1893,19169000600.0,906340120
1894,19169000102.0,527107020
1895,19169000102.0,528120120
1896,19169001101.0,909425130
1897,19169000102.0,528181050
1898,19169000300.0,527359160
1899,19169001303.0,907405140
1900,19169000600.0,905226030
1901,19169000700.0,904350045
1902,19169000200.0,535454150
1903,19169001101.0,909452102
1904,19169001101.0,909452102
1905,19169001101.0,909250080
1906,19169000900.0,902305090
1907,19169000105.0,533212050
1908,19169000900.0,902107030
1909,19169001302.0,914476020
1910,19169000600.0,905225080
1911,19169000300.0,527301245
1912,19169000300.0,527451550
1913,19169000900.0,903476090
1914,19169000900.0,902110090
1915,19169000102.0,527132090
1916,19169000300.0,527450220
1917,19169001101.0,909425085
1918,19169001000.0,910200060
1919,19169000300.0,527380240
1920,19169000102.0,528186030
1921,19169000102.0,528106070
1922,19169000102.0,527163040
1923,,534127140
1924,19169000200.0,535376010
1925,19169000300.0,527359070
1926,19169000900.0,902134060
1927,19169000300.0,527404150
1928,19169000400.0,534475100
1929,19169000105.0,528363110
1930,19169001302.0,916460020
1931,,528142140
1932,19169000600.0,906392070
1933,19169000600.0,904101110
1934,19169001303.0,907412070
1935,19169000900.0,903201080
1936,19169000400.0,534401120
1937,19169000900.0,902207140
1938,19169001304.0,908127040
1939,19169001304.0,908127040
1940,19169000600.0,531376070
1941,19169001000.0,903456090
1942,19169001000.0,903456090
1943,19169000300.0,527301170
1944,19169000102.0,528240130
1945,19169000102.0,528275070
1946,19169000700.0,904302010
1947,19169000900.0,902306120
1948,19169000400.0,534251030
1949,19169000900.0,902406020
1950,19169000600.0,906392080
1951,19169000400.0,534175080
1952,19169000105.0,533242080
1953,19169001302.0,914474020
1954,19169000300.0,534129040
1955,19169000200.0,535402270
1956,19169000200.0,535353060
1957,19169000400.0,534475250
1958,19169000102.0,527425025
1959,19169000900.0,902205140
1960,19169000600.0,906475200
1961,19169001101.0,909251090
1962,19169000200.0,535155110
1963,19169000300.0,527403310
1964,19169000102.0,527162080
1965,19169000700.0,905325030
1966,19169000105.0,533253160
1967,19169001303.0,907125120
1968,19169001000.0,903457040
1969,19169000900.0,902325160
1970,19169000102.0,528235050
1971,19169000105.0,528478040
1972,19169000102.0,528240040
1973,19169000102.0,528178090
1974,19169001302.0,923277080
1975,19169000900.0,903235010
1976,19169001302.0,923275010
1977,19169000105.0,528439060
1978,19169001303.0,907290140
1979,19169000200.0,535126100
1980,19169000200.0,535325320
1981,19169000102.0,527226010
1982,19169000200.0,535354130
1983,19169001101.0,909101070
1984,19169000600.0,905201030
1985,19169001302.0,923203190
1986,19169000200.0,535383100
1987,19169000600.0,531376030
1988,19169000900.0,902206130
1989,19169000104.0,532478020
1990,19169000600.0,532377140
1991,19169000105.0,528458060
1992,19169000104.0,533350020
1993,19169000700.0,904301100
1994,19169000200.0,535403010
1995,19169001302.0,923277030
1996,19169000102.0,527184110
1997,19169000200.0,535152060
1998,19169000102.0,527166010
1999,19169000900.0,903206170
2000,19169000300.0,534226120
2001,19169000300.0,527355060
2002,19169001100.0,909282060
2003,19169000100.0,527127150
2004,19169000100.0,528365070
2005,19169001100.0,909475140
2006,19169000600.0,906380190
2007,19169000200.0,535177110
2008,19169000100.0,527401160
2009,19169000900.0,902400110
2010,19169000300.0,527353080
2011,19169000400.0,534278170
2012,19169000100.0,533252020
2013,19169001302.0,923202220
2014,19169001302.0,907251100
2015,19169000200.0,535451190
2016,19169000900.0,902128020
2017,19169000900.0,902128020
2018,19169000900.0,903425340
2019,19169000300.0,527402200
2020,19169000300.0,527301080
2021,19169001302.0,923275140
2022,19169000200.0,535475010
2023,19169000600.0,532354230
2024,19169000100.0,528150040
2025,19169000100.0,533244040
2026,19169000600.0,531450030
2027,19169000300.0,527354040
2028,19169000200.0,535305120
2029,19169000200.0,535151100
2030,19169000900.0,902304040
2031,19169000600.0,906392130
2032,19169000100.0,528358030
2033,19169000600.0,906380210
2034,19169000300.0,527452100
2035,19169000300.0,527450150
2036,19169001302.0,907125090
2037,19169001302.0,908130020
2038,19169001302.0,907194160
2039,19169001302.0,907131060
2040,19169000600.0,531363060
2041,19169001000.0,903484110
2042,19169000200.0,535402090
2043,19169000900.0,902402010
2044,19169000200.0,526355170
2045,19169000200.0,535301160
2046,19169000700.0,905480160
2047,19169000100.0,527107120
2048,19169000900.0,902201140
2049,19169000400.0,534479130
2050,19169000100.0,528186080
2051,19169001302.0,923225510
2052,19169000200.0,535180070
2053,19169001000.0,903456110
2054,19169000600.0,905104030
2055,19169000100.0,528346050
2056,19169000600.0,906392110
2057,19169000200.0,535375130
2058,19169000300.0,527357020
2059,19169000900.0,903227140
2060,19169000400.0,534175140
2061,19169000900.0,902106140
2062,19169001302.0,923228200
2063,19169000300.0,527353020
2064,19169001302.0,907290150
2065,19169000200.0,535176050
2066,19169000100.0,528280180
2067,,909451150
2068,19169000600.0,906402060
2069,19169000300.0,527403360
2070,19169000400.0,534176250
2071,19169000300.0,527378020
2072,19169001000.0,903455030
2073,19169001302.0,908275090
2074,19169000100.0,528120110
2075,19169000200.0,535450100
2076,19169000300.0,527301010
2077,19169000200.0,535302200
2078,19169001100.0,909252220
2079,19169001302.0,923227030
2080,19169000100.0,527107240
2081,19169001100.0,916226030
2082,19169001100.0,909178160
2083,19169000600.0,906201022
2084,19169001302.0,908102020
2085,19169000600.0,531380080
2086,19169000300.0,527376100
2087,19169000600.0,905200280
2088,19169000200.0,535402140
2089,19169000600.0,905101100
2090,19169000100.0,527226020
2091,19169000200.0,535451230
2092,19169000100.0,528360050
2093,19169001302.0,907265010
2094,19169000600.0,531375140
2095,19169000200.0,535125060
2096,19169001302.0,908186060
2097,19169000200.0,526351030
2098,19169000200.0,535451100
2099,19169000700.0,905451050
2100,19169000600.0,905226080
2101,19169001302.0,924151050
2102,19169000900.0,903232190
2103,19169000600.0,905103130
2104,19169000900.0,902427140
2105,19169000200.0,535152050
2106,19169001302.0,907262070
2107,19169000300.0,527327080
2108,19169000100.0,527146030
2109,19169000900.0,903427120
2110,19169000600.0,533352075
2111,19169001302.0,907265030
2112,19169000600.0,531380110
2113,19169000900.0,903232100
2114,19169001100.0,909428180
2115,19169000400.0,534476150
2116,19169000300.0,527378010
2117,19169001302.0,924100040
2118,19169001100.0,909275020
2119,19169000700.0,909101190
2120,19169000900.0,903206120
2121,19169000700.0,904301410
2122,19169001302.0,907295040
2123,19169001302.0,907176010
2124,19169000600.0,905100060
2125,19169000600.0,532376110
2126,19169001302.0,914460020
2127,19169000100.0,528188020
2128,19169000300.0,527454200
2129,19169000300.0,527454200
2130,19169000100.0,528482030
2131,19169001302.0,907280100
2132,19169000100.0,527110080
2133,19169000100.0,528118090
2134,19169000200.0,535105110
2135,19169000200.0,526354020
2136,19169000200.0,535477130
2137,19169000700.0,905452070
2138,19169000600.0,906378110
2139,19169001100.0,909426090
2140,19169000100.0,533236090
2141,19169001302.0,908275280
2142,19169000900.0,903228090
2143,19169000600.0,531385070
2144,19169000300.0,527356050
2145,19169000100.0,527166030
2146,19169001302.0,907290230
2147,19169000100.0,528186050
2148,19169000200.0,535452120
2149,19169000100.0,528482130
2150,19169000400.0,534403050
2151,19169000100.0,533244030
2152,19169000100.0,528365080
2153,19169000900.0,902206090
2154,19169001100.0,909425010
2155,19169001302.0,916384080
2156,19169001100.0,909101330
2157,19169000200.0,535380110
2158,19169000900.0,903236010
2159,19169000600.0,905101200
2160,19169000600.0,531375110
2161,19169001302.0,907405030
2162,19169001302.0,908276230
2163,19169001200.0,909256060
2164,19169000100.0,527108030
2165,19169000600.0,906475100
2166,,907275010
2167,19169000300.0,527404100
2168,19169000700.0,905403150
2169,19169000100.0,533350120
2170,19169001100.0,909254010
2171,19169000100.0,533221040
2172,19169000100.0,533254050
2173,19169000200.0,535178120
2174,19169000300.0,527403020
2175,19169001302.0,916125360
2176,19169001100.0,909277040
2177,19169000300.0,527302175
2178,19169000600.0,905101490
2179,19169001302.0,907227100
2180,19169001000.0,911370510
2181,19169001302.0,907414030
2182,19169001100.0,909275110
2183,19169000600.0,905200260
2184,19169000900.0,902105130
2185,19169000400.0,534453140
2186,19169001302.0,907203070
2187,19169001000.0,910226040
2188,19169000700.0,905451410
2189,19169001302.0,907295020
2190,19169000100.0,533250190
2191,19169000300.0,527450010
2192,19169000600.0,906385020
2193,19169000600.0,906385020
2194,,902109140
2195,19169000400.0,534403100
2196,19169000200.0,535453080
2197,19169000100.0,528250100
2198,19169001302.0,907130100
2199,19169000200.0,535152280
2200,19169000100.0,528166090
2201,19169000100.0,528480040
2202,19169000200.0,535300040
2203,19169000100.0,533215070
2204,19169000300.0,527451520
2205,19169000700.0,905475270
2206,19169001302.0,908102030
2207,19169001100.0,909177100
2208,19169000900.0,902302150
2209,19169001302.0,907201160
2210,19169000300.0,527453060
2211,19169000600.0,905225020
2212,19169000100.0,528181010
2213,19169001302.0,917425190
2214,19169000100.0,528180130
2215,19169000600.0,531363030
2216,19169000900.0,902102060
2217,19169001302.0,923229040
2218,19169001000.0,903450110
2219,19169001200.0,909256020
2220,19169000100.0,533221110
2221,19169000200.0,526355080
2222,19169001302.0,907181120
2223,19169000900.0,903234160
2224,19169000200.0,535454030
2225,19169000400.0,534152070
2226,19169000600.0,905106170
2227,19169001200.0,909257050
2228,19169000400.0,534252060
2229,19169000900.0,903200080
2230,19169001302.0,907126010
2231,19169001302.0,907285020
2232,19169000900.0,902109130
2233,19169001000.0,903450060
2234,19169001302.0,916455010
2235,19169000200.0,535152070
2236,19169000900.0,902206270
2237,19169000400.0,534427090
2238,19169001100.0,909279040
2239,19169000100.0,533130020
2240,19169000300.0,527455270
2241,19169000200.0,526302110
2242,19169000700.0,905401100
2243,19169000900.0,903227150
2244,19169000400.0,534251320
2245,19169001100.0,909100080
2246,19169000600.0,905200160
2247,19169001302.0,914478020
2248,19169000300.0,527451650
2249,,528142150
2250,19169000600.0,531452210
2251,19169000100.0,528168030
2252,19169001302.0,923202105
2253,19169000400.0,534401190
2254,19169001302.0,907175100
2255,19169000900.0,902110010
2256,19169000400.0,534431020
2257,19169001302.0,908186080
2258,19169000900.0,903233030
2259,19169000900.0,902406070
2260,19169000600.0,532354010
2261,19169001302.0,916380070
2262,19169000900.0,903425420
2263,19169001302.0,907227030
2264,19169001000.0,910205120
2265,19169000600.0,906201120
2266,19169001302.0,923251080
2267,19169000400.0,534451080
2268,19169000900.0,902103090
2269,19169001100.0,909428240
2270,19169000100.0,528120130
2271,19169001302.0,907255030
2272,19169001302.0,908102270
2273,19169001100.0,909100150
2274,19169000900.0,903231060
2275,19169001302.0,923201020
2276,19169000400.0,534429150
2277,19169000300.0,534129060
2278,19169000400.0,534151090
2279,19169001000.0,910204050
2280,19169000200.0,535457040
2281,19169000900.0,903426200
2282,19169000200.0,535383070
2283,19169000200.0,535353180
2284,19169001302.0,908128050
2285,19169000100.0,528429050
2286,19169000300.0,527455240
2287,19169000600.0,906476030
2288,19169001100.0,909254140
2289,19169000300.0,527359030
2290,19169000100.0,533251110
2291,19169001302.0,908178050
2292,19169001302.0,923225040
2293,19169001302.0,916455110
2294,19169000600.0,531452050
2295,19169000600.0,531452050
2296,19169000700.0,905351045
2297,19169000600.0,905100030
2298,19169001100.0,909101100
2299,19169000900.0,902201130
2300,19169000100.0,527162140
2301,19169000100.0,527108040
2302,19169000400.0,534476080
2303,19169000900.0,902404010
2304,19169000900.0,902328040
2305,19169001302.0,908102060
2306,19169000100.0,533250130
2307,19169000200.0,535380010
2308,19169000600.0,532353130
2309,19169000600.0,532353130
2310,19169000600.0,531363050
2311,19169001302.0,908154080
2312,19169000400.0,534455030
2313,19169000400.0,534455030
2314,19169000700.0,905352180
2315,19169001302.0,916382100
2316,19169000600.0,906201130
2317,19169000300.0,534125210
2318,19169000300.0,534125210
2319,19169000200.0,535126140
2320,19169000200.0,535126010
2321,19169000100.0,533252040
2322,19169000300.0,527356060
2323,19169000200.0,535151020
2324,19169000100.0,528294050
2325,19169001302.0,923205015
2326,19169000100.0,527183060
2327,19169000700.0,904351280
2328,19169001302.0,914465020
2329,19169001302.0,916386060
2330,19169000100.0,528250020
2331,19169000100.0,532476080
2332,19169000300.0,527453070
2333,19169000900.0,902134120
2334,19169001000.0,903452090
2335,19169000100.0,533212110
2336,19169000900.0,902301060
2337,19169000400.0,534276040
2338,19169001100.0,909280070
2339,19169000300.0,527451640
2340,19169000300.0,527451640
2341,19169001302.0,916460070
2342,19169000100.0,528120150
2343,19169000900.0,902125160
2344,19169000200.0,535154130
2345,19169000100.0,527165230
2346,19169001302.0,907412090
2347,19169000100.0,528228465
2348,19169001302.0,907126050
2349,19169000600.0,906204230
2350,19169000900.0,903233220
2351,19169000100.0,528280150
2352,19169000300.0,527403040
2353,19169000100.0,533253090
2354,19169000100.0,528180080
2355,19169000100.0,528118020
2356,19169000400.0,534477030
2357,19169000600.0,532353020
2358,19169000100.0,527162120
2359,19169000900.0,903425110
2360,19169001302.0,907285010
2361,19169001302.0,907192150
2362,19169000600.0,532353050
2363,19169000100.0,528280230
2364,,907280090
2365,19169000600.0,531450090
2366,19169000700.0,905351089
2367,19169000700.0,905452120
2368,19169001302.0,923275080
2369,19169001302.0,908275200
2370,19169000700.0,904352190
2371,19169001302.0,923275090
2372,19169001302.0,923425030
2373,19169000100.0,527256120
2374,19169000300.0,534202130
2375,19169000300.0,527450250
2376,19169000900.0,903232170
2377,19169000600.0,531369020
2378,19169000600.0,906380220
2379,19169000900.0,902106120
2380,19169000200.0,535325450
2381,19169000300.0,527402060
2382,19169001100.0,909426080
2383,19169000100.0,527165020
2384,19169001302.0,916403130
2385,19169000100.0,527162130
2386,19169000200.0,535450070
2387,19169000600.0,905107310
2388,19169000900.0,902104020
2389,19169000600.0,905109130
2390,19169000100.0,527146010
2391,19169000100.0,527107090
2392,19169000200.0,535152250
2393,19169000900.0,902401010
2394,19169000100.0,528363130
2395,19169000300.0,534201250
2396,19169000300.0,527455100
2397,19169000100.0,528240050
2398,19169000600.0,906424010
2399,19169000200.0,535456020
2400,19169000200.0,535125090
2401,19169000700.0,905477050
2402,19169001302.0,923228370
2403,19169000200.0,535425010
2404,19169001302.0,907425030
2405,19169001100.0,909254100
2406,19169000100.0,533253210
2407,19169001302.0,908203090
2408,19169001302.0,907255060
2409,19169000100.0,528366040
2410,,534127080
2411,19169000100.0,528228455
2412,19169000200.0,535380140
2413,19169000100.0,527163070
2414,19169001302.0,907130110
2415,19169000100.0,528116030
2416,19169000900.0,902106040
2417,19169000100.0,527190050
2418,19169000900.0,903231030
2419,19169000900.0,903231080
2420,19169000900.0,902327040
2421,19169000200.0,535303050
2422,19169001100.0,909251170
2423,19169001302.0,914478110
2424,19169000900.0,902326060
2425,19169001302.0,923225310
2426,19169000100.0,528429090
2427,19169000300.0,527359080
2428,19169000200.0,535303030
2429,19169001302.0,914475020
2430,19169001000.0,903454060
2431,19169000100.0,528120160
2432,19169001302.0,923252100
2433,19169000700.0,905426030
2434,19169000200.0,535476360
2435,19169000100.0,528364110
2436,19169000600.0,532376180
2437,19169001302.0,907250020
2438,19169000100.0,528235010
2439,19169000100.0,528235010
2440,,528142130
2441,19169000700.0,905475150
2442,19169000900.0,902105020
2443,19169000100.0,527165130
2444,19169000900.0,902202150
2445,19169000100.0,527105030
2446,19169000200.0,535152200
2447,19169001302.0,907410080
2448,19169001302.0,916386080
2449,19169000400.0,534479240
2450,19169001302.0,916386040
2451,19169000100.0,527161040
2452,19169000100.0,528490070
2453,19169001100.0,909175050
2454,19169000700.0,908275040
2455,19169000100.0,534104090
2456,19169000100.0,528218090
2457,19169000600.0,532378110
2458,19169000300.0,527355280
2459,19169000200.0,535151040
2460,19169000200.0,535151040
2461,19169001000.0,910203090
2462,19169000200.0,535151080
2463,19169001302.0,923228390
2464,19169000300.0,527405180
2465,19169001302.0,923225300
2466,19169001302.0,923230180
2467,19169000100.0,527256030
2468,19169000100.0,528188040
2469,19169000900.0,902125120
2470,19169000300.0,534202170
2471,19169000700.0,905477010
2472,19169001302.0,923226250
2473,19169001302.0,907203010
2474,19169000200.0,535351050
2475,19169000600.0,906420130
2476,19169000400.0,534428020
2477,19169001302.0,907192020
2478,19169000100.0,528386040
2479,19169000900.0,902406090
2480,19169000200.0,535353050
2481,19169000600.0,532376080
2482,19169000900.0,903231130
2483,19169000300.0,527455080
2484,19169000100.0,528250010
2485,19169001100.0,909101010
2486,19169001100.0,909275050
2487,19169000300.0,527302060
2488,19169000400.0,534450110
2489,19169000200.0,535382130
2490,19169000200.0,535105030
2491,19169000100.0,533253050
2492,19169000100.0,528138060
2493,19169000200.0,535377070
2494,19169000600.0,905201120
2495,19169001302.0,923204150
2496,19169001302.0,907135040
2497,19169001302.0,907135040
2498,19169000900.0,903204040
2499,19169000600.0,905100080
2500,19169001000.0,910202100
2501,19169001000.0,903454100
2502,19169000100.0,528292020
2503,19169000900.0,903231070
2504,,528110010
2505,19169000100.0,528228325
2506,19169000400.0,534401110
2507,19169001302.0,908226130
2508,19169000400.0,534252090
2509,19169000900.0,902330090
2510,19169000200.0,535354070
2511,19169001302.0,916326010
2512,19169000600.0,905200380
2513,19169000900.0,902406030
2514,19169000200.0,535354200
2515,19169001302.0,923226150
2516,19169000900.0,903234050
2517,19169000600.0,532353030
2518,19169000400.0,534431070
2519,19169000100.0,528435050
2520,19169000100.0,528482040
2521,19169000600.0,904101070
2522,19169000100.0,528102040
2523,19169000300.0,527452060
2524,19169000300.0,534127260
2525,19169001302.0,907275140
2526,19169000900.0,903201020
2527,19169000400.0,534278150
2528,19169000100.0,527182040
2529,19169000100.0,528120020
2530,19169000700.0,905476120
2531,19169001000.0,910201130
2532,19169000600.0,905201020
2533,19169000200.0,535181030
2534,19169001302.0,913350030
2535,19169000600.0,531451020
2536,19169000600.0,531452140
2537,19169000600.0,906201023
2538,19169000700.0,904302030
2539,19169000600.0,905105200
2540,19169000600.0,905108170
2541,19169000300.0,534129370
2542,19169000100.0,528275160
2543,19169001302.0,914476520
2544,19169000700.0,905451330
2545,19169000900.0,903401050
2546,19169000600.0,905101310
2547,19169000900.0,903232090
2548,19169000200.0,535425070
2549,19169001302.0,907227300
2550,19169000900.0,902306130
2551,19169000900.0,903202170
2552,19169000900.0,902207010
2553,19169000200.0,535478070
2554,19169000900.0,902109010
2555,19169001302.0,907185050
2556,19169000400.0,534275220
2557,19169000200.0,535450220
2558,19169000900.0,902305080
2559,19169000200.0,535304100
2560,19169000100.0,528250040
2561,19169001302.0,907262030
2562,19169001302.0,907285040
2563,19169000200.0,535302080
2564,19169000600.0,905107250
2565,19169000200.0,535179020
2566,19169000100.0,533217060
2567,19169000100.0,527165100
2568,19169000100.0,528290120
2569,19169000200.0,535101110
2570,19169000200.0,535402220
2571,19169000100.0,533208080
2572,19169001100.0,916225130
2573,19169001000.0,910200110
2574,19169000400.0,534479150
2575,19169000100.0,528294010
2576,19169000600.0,905102170
2577,19169000600.0,532376170
2578,19169000700.0,905377050
2579,19169000400.0,534430050
2580,19169001302.0,908128100
2581,19169000900.0,903205040
2582,19169000700.0,905402060
2583,19169001100.0,909275030
2584,19169001302.0,907192040
2585,19169000600.0,906223180
