,tract,PID,income
0,19169001100.0,909176150,20878
1,19169000700.0,905476230,21333
3,19169000200.0,535377150,52375
4,19169000400.0,534177230,61991
5,19169001302.0,908128060,59234
6,19169000900.0,902135020,37028
7,19169000100.0,528228540,82985
8,19169001302.0,923426010,59234
9,19169001302.0,908186050,59234
10,19169000100.0,528186170,82985
11,19169001302.0,923426070,59234
12,19169000900.0,902204080,37028
13,19169000200.0,535105100,52375
14,19169001302.0,907405020,59234
15,19169000600.0,531382110,60833
16,19169000600.0,906380120,60833
17,19169001100.0,909101060,20878
18,19169000400.0,534152050,61991
19,19169001302.0,923252075,59234
20,19169000600.0,531376060,60833
21,19169000900.0,902201120,37028
22,19169001302.0,923228080,59234
23,19169000900.0,902326030,37028
24,19169000300.0,527451330,60500
25,19169000100.0,528218100,82985
26,19169001302.0,916386140,59234
27,19169000100.0,533221090,82985
28,19169000300.0,534128010,60500
29,19169000100.0,528106110,82985
30,19169000900.0,902206260,37028
31,19169000100.0,528222090,82985
32,19169000100.0,528218150,82985
33,19169000900.0,903400180,37028
34,19169000200.0,535453210,52375
35,19169001302.0,916386010,59234
36,19169001302.0,907181090,59234
37,19169000900.0,902206020,37028
39,19169000300.0,527327050,60500
40,19169000300.0,527455250,60500
42,19169000100.0,528326110,82985
43,19169001302.0,914452190,59234
45,19169000200.0,535425060,52375
46,19169000600.0,532376250,60833
48,19169000200.0,535379110,52375
49,19169000100.0,528118010,82985
50,19169000100.0,528235160,82985
51,19169000700.0,905478030,21333
52,19169000900.0,902106130,37028
53,19169000900.0,902102080,37028
54,19169001100.0,909176170,20878
55,19169000100.0,533206070,82985
56,19169000300.0,527302020,60500
57,19169001302.0,907414060,59234
58,19169000700.0,904301060,21333
59,19169000600.0,532479020,60833
60,19169000100.0,528110070,82985
61,19169000400.0,534429130,61991
62,19169000100.0,528365060,82985
63,19169000100.0,533135020,82985
64,19169001000.0,910203100,26009
65,19169000700.0,905451390,21333
66,19169000100.0,533213010,82985
67,19169000100.0,528118030,82985
68,19169001302.0,907200340,59234
69,19169000100.0,528164060,82985
70,19169001302.0,907202010,59234
71,19169000100.0,528186180,82985
72,19169001100.0,909250060,20878
73,19169000100.0,528315060,82985
74,19169000100.0,528231020,82985
75,19169000100.0,528456230,82985
76,19169001302.0,907180120,59234
77,19169001000.0,911370410,26009
78,19169000100.0,527108090,82985
79,19169000100.0,528222050,82985
80,19169000100.0,528429110,82985
81,19169000900.0,902328100,37028
82,19169000300.0,527451410,60500
83,19169001302.0,914476130,59234
84,19169000200.0,535453020,52375
85,19169000200.0,535379100,52375
86,19169000600.0,905108190,60833
87,19169000600.0,905201110,60833
88,19169000900.0,903227090,37028
89,19169000600.0,905107300,60833
90,19169000900.0,903401070,37028
91,19169000900.0,903230100,37028
92,19169000100.0,527105010,82985
93,19169000100.0,528480020,82985
94,19169000300.0,527402130,60500
95,19169001100.0,909251080,20878
96,19169001302.0,908201120,59234
97,19169000100.0,533221080,82985
98,19169000200.0,535178100,52375
99,19169000200.0,535457050,52375
100,19169001302.0,923226270,59234
101,19169000200.0,535105090,52375
102,19169000100.0,533253070,82985
103,19169001302.0,907280170,59234
104,19169001302.0,914476450,59234
105,19169000200.0,535327200,52375
106,19169000100.0,528441090,82985
107,19169000600.0,906426195,60833
108,19169000400.0,534275170,61991
109,19169001302.0,923226180,59234
110,19169001302.0,923226320,59234
111,19169000100.0,528118050,82985
112,19169000700.0,904300150,21333
113,19169000100.0,533236050,82985
114,19169000300.0,527354160,60500
115,19169000100.0,528435040,82985
116,19169000300.0,534129230,60500
117,19169000200.0,535325350,52375
118,19169000900.0,902408080,37028
119,19169001302.0,916455050,59234
120,19169001100.0,909276200,20878
121,19169000400.0,534277060,61991
122,19169000600.0,905107280,60833
123,19169001302.0,923204050,59234
124,19169000600.0,531376050,60833
125,19169001000.0,903454010,26009
126,19169000600.0,906412010,60833
127,19169000200.0,535301060,52375
128,19169000400.0,534453080,61991
129,19169000200.0,535403210,52375
130,19169000600.0,531382120,60833
131,19169001302.0,916455120,59234
132,19169000700.0,905475510,21333
133,19169001302.0,916326090,59234
134,19169001100.0,909101140,20878
135,19169001302.0,907260050,59234
136,19169001302.0,907131090,59234
137,19169000900.0,903206160,37028
138,19169000100.0,528222020,82985
139,19169000200.0,526352090,52375
140,19169000300.0,534201280,60500
141,19169001302.0,908102330,59234
142,19169000600.0,906385010,60833
143,19169000400.0,534276230,61991
144,19169000600.0,906420020,60833
145,19169000300.0,527404120,60500
146,19169001302.0,907192010,59234
147,19169000100.0,527131030,82985
148,19169000300.0,527452290,60500
149,19169001302.0,907250030,59234
150,19169001100.0,909251040,20878
151,19169000200.0,535377100,52375
152,19169000100.0,528174050,82985
153,19169000100.0,533128090,82985
154,19169000100.0,533250110,82985
155,19169001302.0,908186040,59234
156,19169000900.0,903231050,37028
157,19169001302.0,908152110,59234
158,19169000200.0,535476110,52375
159,19169000100.0,533250050,82985
160,19169000200.0,535325340,52375
161,19169001100.0,909475050,20878
162,19169001302.0,907196020,59234
163,19169000100.0,533130160,82985
164,19169000200.0,535102010,52375
165,19169000600.0,531475220,60833
166,19169000300.0,527325070,60500
167,19169000900.0,903226160,37028
168,19169000900.0,902134100,37028
169,19169000900.0,902111010,37028
170,19169000200.0,535381040,52375
171,19169001000.0,910202060,26009
172,19169000200.0,535477180,52375
173,19169000100.0,528429120,82985
174,19169001302.0,908127050,59234
175,19169000100.0,528439010,82985
176,19169000600.0,906223110,60833
177,19169000100.0,528358010,82985
178,19169000600.0,532378160,60833
179,19169000600.0,531450040,60833
180,19169000300.0,527326040,60500
181,19169000900.0,903204095,37028
182,19169000100.0,527182170,82985
183,19169000600.0,905105040,60833
184,19169000100.0,528477020,82985
185,19169000600.0,905202210,60833
186,19169000900.0,903425190,37028
187,19169000200.0,535150210,52375
188,19169000200.0,535453160,52375
189,19169000200.0,535353130,52375
190,19169000200.0,535456070,52375
191,19169001302.0,908250090,59234
192,19169000300.0,527452070,60500
193,19169000900.0,902325100,37028
194,19169001302.0,921126030,59234
195,19169000700.0,905401060,21333
196,19169001302.0,916402125,59234
197,19169000600.0,531452010,60833
198,19169000100.0,528363070,82985
199,19169000100.0,533208090,82985
200,19169000400.0,534401130,61991
201,19169001000.0,910203230,26009
202,19169001302.0,907420090,59234
203,19169000900.0,902303100,37028
204,19169000600.0,906392120,60833
205,19169001000.0,903484080,26009
206,19169000300.0,527301320,60500
207,19169000100.0,527140090,82985
208,19169001100.0,909428170,20878
209,19169000600.0,905228050,60833
210,19169000100.0,533234020,82985
211,19169000100.0,533212100,82985
212,19169000400.0,534475185,61991
213,19169000700.0,905452150,21333
214,19169000100.0,528176010,82985
215,19169000200.0,535450160,52375
216,19169000100.0,533215040,82985
217,19169000100.0,528104010,82985
218,19169000200.0,535325090,52375
219,19169001100.0,909250210,20878
220,19169000300.0,527325110,60500
221,19169001000.0,910202030,26009
222,19169000200.0,535175180,52375
223,19169000300.0,534202160,60500
224,19169001302.0,916403020,59234
225,19169000200.0,535354100,52375
226,19169000600.0,905227050,60833
227,19169000400.0,534451020,61991
228,19169000100.0,533120030,82985
229,19169000700.0,905352010,21333
230,19169000600.0,905108220,60833
231,19169000100.0,527165170,82985
232,19169000200.0,535353190,52375
233,19169000100.0,528315070,82985
234,19169000900.0,903232060,37028
235,19169000600.0,906204180,60833
236,19169000600.0,906475110,60833
237,19169000600.0,906223040,60833
238,19169001100.0,909253190,20878
239,19169001302.0,923400150,59234
240,19169001302.0,923226290,59234
241,19169001100.0,909282020,20878
242,19169000100.0,528110110,82985
243,19169000400.0,534479320,61991
244,19169000100.0,528150110,82985
245,19169000600.0,906380160,60833
246,19169001000.0,911370460,26009
247,19169000200.0,535477090,52375
248,19169000400.0,534478230,61991
249,19169000600.0,906426060,60833
250,19169000100.0,528235190,82985
251,19169001302.0,923225440,59234
252,19169001302.0,923276030,59234
253,19169001100.0,909425060,20878
254,19169000100.0,528188060,82985
255,19169000100.0,527105140,82985
256,19169000200.0,535477150,52375
257,19169000200.0,535327210,52375
258,19169000100.0,533213070,82985
259,19169000600.0,904100100,60833
260,19169000100.0,528188120,82985
261,19169000100.0,528480180,82985
262,19169000100.0,528114040,82985
263,19169000100.0,528235020,82985
264,19169001302.0,908275110,59234
265,19169000600.0,905103140,60833
266,19169000900.0,902402260,37028
267,19169000100.0,528235200,82985
268,19169000100.0,528181060,82985
269,19169001302.0,923275200,59234
270,19169001000.0,903451110,26009
271,19169000100.0,528181040,82985
272,19169001302.0,908102110,59234
273,19169000100.0,533217050,82985
274,19169000100.0,533350090,82985
275,19169000100.0,528445070,82985
276,19169000100.0,527212040,82985
277,19169001302.0,907200270,59234
278,19169000700.0,908201040,21333
279,19169001302.0,907410100,59234
280,19169001000.0,903481120,26009
281,19169000200.0,535453180,52375
282,19169001302.0,907227110,59234
283,19169000600.0,531453010,60833
284,19169000600.0,531478010,60833
285,19169000200.0,535403200,52375
286,19169000100.0,527254020,82985
287,19169000100.0,527366030,82985
288,19169000200.0,535325460,52375
289,,528110040,
290,19169000600.0,906392090,60833
291,19169000200.0,535452140,52375
292,19169000200.0,535151160,52375
293,19169000200.0,535456050,52375
294,19169000900.0,903429110,37028
296,19169001302.0,916455150,59234
297,19169001100.0,909425180,20878
298,19169000100.0,528175050,82985
299,19169001000.0,910205010,26009
300,19169000100.0,533206020,82985
301,19169000900.0,902427040,37028
302,19169000100.0,528427020,82985
303,19169000100.0,528458070,82985
304,19169000900.0,903401030,37028
305,19169001100.0,909275040,20878
306,19169000100.0,527163130,82985
307,19169000600.0,905200350,60833
308,19169000100.0,528363050,82985
309,19169001302.0,908154205,59234
310,19169000900.0,903233140,37028
311,19169000600.0,905107070,60833
312,19169000100.0,528240020,82985
313,19169000600.0,906225180,60833
314,19169000100.0,528114010,82985
315,19169001302.0,907126030,59234
316,19169000600.0,904100160,60833
317,19169001100.0,909254130,20878
318,19169000200.0,535403030,52375
319,19169001302.0,907412010,59234
320,19169000900.0,903228080,37028
321,19169000600.0,531452100,60833
322,19169000200.0,526302030,52375
323,19169000900.0,902106090,37028
324,19169000100.0,527161090,82985
325,19169000600.0,532353120,60833
326,19169000200.0,535453070,52375
327,19169000400.0,534252110,61991
328,19169000200.0,535327230,52375
329,19169000700.0,905425125,21333
330,19169001302.0,908103280,59234
331,19169000100.0,528221060,82985
332,19169001302.0,921128020,59234
333,19169000100.0,528174040,82985
334,19169001200.0,909256010,86520
335,19169000100.0,533212060,82985
336,19169001302.0,908204180,59234
337,19169000100.0,533223100,82985
338,19169001100.0,909176180,20878
339,19169000900.0,903475040,37028
340,19169000200.0,535426195,52375
341,19169000600.0,905103040,60833
342,19169000100.0,528110100,82985
343,19169000400.0,534431030,61991
344,19169000600.0,905300010,60833
345,19169001302.0,914474070,59234
346,19169000400.0,534428100,61991
347,19169000100.0,533350050,82985
348,19169001302.0,908188130,59234
349,19169000400.0,534453150,61991
350,,528458120,
351,19169000200.0,535179050,52375
352,19169000300.0,527302185,60500
353,19169000300.0,534128190,60500
354,19169000100.0,528180110,82985
355,19169001302.0,916176125,59234
356,19169001000.0,903454090,26009
357,19169000200.0,535457010,52375
358,19169000100.0,528462040,82985
359,19169001100.0,909428120,20878
360,19169001302.0,916460060,59234
361,19169000100.0,528431050,82985
362,19169000100.0,527110020,82985
363,19169000200.0,535352080,52375
364,19169000300.0,527402250,60500
365,19169000200.0,535451040,52375
366,19169000700.0,905452050,21333
367,19169000900.0,903225090,37028
368,19169000600.0,531363010,60833
369,19169001302.0,923205025,59234
370,19169000600.0,532377060,60833
371,19169000900.0,902109160,37028
372,19169000900.0,902128075,37028
373,19169000100.0,528178070,82985
374,19169000900.0,903225160,37028
375,19169000600.0,906380170,60833
376,19169000100.0,528174020,82985
377,19169001000.0,910201110,26009
378,19169000200.0,535325400,52375
379,19169000200.0,535150070,52375
380,19169000100.0,533254100,82985
381,19169000100.0,533254130,82985
382,19169001302.0,907194110,59234
383,19169000600.0,531375100,60833
384,19169000100.0,532477030,82985
385,19169000100.0,534102025,82985
386,19169000700.0,905452160,21333
387,19169000100.0,533208050,82985
388,19169000700.0,905427030,21333
389,19169000200.0,535301010,52375
390,19169001100.0,909280030,20878
391,19169000100.0,528116010,82985
392,19169000100.0,528228270,82985
393,19169001302.0,907252210,59234
394,19169001100.0,909475020,20878
395,19169001302.0,907253110,59234
396,19169000200.0,535325280,52375
397,19169000600.0,532378240,60833
398,19169001302.0,908102260,59234
399,19169001302.0,908226180,59234
400,19169000100.0,527425060,82985
401,19169000300.0,527451540,60500
402,19169000900.0,902128170,37028
403,19169001000.0,903455090,26009
404,19169001000.0,910203250,26009
405,19169000900.0,903228070,37028
406,19169000100.0,527214060,82985
408,19169000100.0,528427010,82985
409,19169000200.0,535451250,52375
410,19169001302.0,908152270,59234
411,19169001100.0,909452050,20878
412,19169000600.0,532354160,60833
413,19169000600.0,531453100,60833
414,19169000100.0,527328050,82985
415,19169001302.0,907418010,59234
416,19169000100.0,528344020,82985
417,19169000600.0,532353180,60833
418,19169000900.0,902106070,37028
419,19169000100.0,528221050,82985
420,19169000400.0,534479300,61991
421,19169000600.0,906223060,60833
422,19169000200.0,535105060,52375
423,19169000100.0,528108040,82985
424,19169001100.0,909279010,20878
425,19169000100.0,527183030,82985
426,19169000100.0,527276160,82985
427,19169000900.0,902207130,37028
428,19169000900.0,903227020,37028
429,19169001302.0,908203100,59234
430,19169000400.0,534152120,61991
431,19169001302.0,907290240,59234
432,19169000100.0,528478030,82985
433,19169001000.0,910201180,26009
434,19169000100.0,533208140,82985
435,19169000100.0,528166150,82985
436,19169000600.0,905107140,60833
437,19169000100.0,527180100,82985
438,19169000100.0,528458080,82985
439,19169000600.0,905101450,60833
440,19169001302.0,914460110,59234
441,19169000400.0,534400290,61991
442,19169001302.0,907254020,59234
443,19169000100.0,528458030,82985
444,19169000100.0,528480060,82985
445,19169000600.0,905226050,60833
446,19169000100.0,528253010,82985
447,19169000100.0,528228345,82985
448,19169000100.0,527425140,82985
449,19169001302.0,907135020,59234
450,19169000100.0,533206040,82985
451,19169000200.0,535181140,52375
452,19169000900.0,902427045,37028
453,19169000300.0,527405130,60500
454,19169000100.0,528431040,82985
455,19169000300.0,527450210,60500
456,19169000600.0,532378200,60833
457,19169001100.0,909278020,20878
458,19169000300.0,534225110,60500
459,,909451130,
460,19169000100.0,528142020,82985
461,19169000300.0,527404030,60500
462,19169000100.0,527162180,82985
463,19169000400.0,534151180,61991
464,19169001302.0,908204090,59234
465,19169000600.0,532354070,60833
466,19169000300.0,527302070,60500
467,19169000100.0,527214030,82985
468,19169000100.0,533128030,82985
469,19169000900.0,902330010,37028
470,19169001302.0,923228150,59234
471,19169000300.0,527302080,60500
472,19169000100.0,528344040,82985
473,19169000200.0,535403040,52375
474,19169000200.0,535375050,52375
475,19169000200.0,535376060,52375
476,19169001302.0,924151040,59234
477,19169000100.0,528186160,82985
478,19169000600.0,532351150,60833
479,19169000600.0,905105010,60833
480,19169000300.0,527452310,60500
481,19169001100.0,909250200,20878
482,19169000600.0,905101300,60833
483,19169000900.0,902329080,37028
484,19169000900.0,903225140,37028
485,19169000100.0,533215080,82985
486,19169000400.0,534452060,61991
487,19169000100.0,532476050,82985
488,19169001100.0,909428110,20878
489,19169000100.0,528170040,82985
490,19169000100.0,533110130,82985
491,19169001302.0,921205030,59234
492,19169001302.0,923203090,59234
493,19169000200.0,535104120,52375
494,19169000100.0,528366070,82985
495,19169001302.0,923204040,59234
496,19169000200.0,535378080,52375
497,19169000100.0,533251130,82985
498,,528235130,
499,19169000900.0,903226130,37028
500,19169000900.0,903235020,37028
501,19169000100.0,527425110,82985
502,19169000900.0,902327070,37028
503,19169000900.0,903425270,37028
504,,534127230,
505,19169001302.0,914478100,59234
506,19169000200.0,535301150,52375
507,19169000900.0,903225150,37028
508,19169000300.0,527402220,60500
509,19169000700.0,904351240,21333
510,19169000200.0,535452090,52375
511,19169000100.0,528108020,82985
512,19169000100.0,528427070,82985
513,19169000900.0,902125020,37028
514,19169001000.0,910201050,26009
515,19169000100.0,527425090,82985
516,19169001100.0,909277100,20878
517,19169000600.0,531452070,60833
518,19169000100.0,528387050,82985
519,19169000700.0,905480240,21333
520,19169000200.0,535476350,52375
521,19169000100.0,527258010,82985
522,19169000600.0,906394060,60833
523,19169001100.0,909282030,20878
524,19169000600.0,905225040,60833
525,19169001302.0,908275130,59234
526,19169000100.0,527226040,82985
527,19169001000.0,903458110,26009
528,19169000200.0,535425080,52375
529,19169001302.0,907201220,59234
530,19169000900.0,903426160,37028
531,19169000700.0,905478140,21333
532,19169000600.0,906475070,60833
533,19169001302.0,907414070,59234
534,19169001302.0,914476050,59234
535,19169001302.0,923251180,59234
536,19169000100.0,528235090,82985
537,19169000300.0,527355150,60500
538,19169000300.0,527454130,60500
539,19169000100.0,533215020,82985
540,19169000200.0,526302120,52375
541,19169000600.0,532378220,60833
542,19169001302.0,907420110,59234
543,19169000300.0,527354100,60500
544,19169000200.0,535404080,52375
545,19169000600.0,906223090,60833
546,19169000300.0,527450080,60500
547,19169000700.0,905352030,21333
548,19169001302.0,923275040,59234
549,19169000600.0,906477110,60833
550,19169001302.0,908103310,59234
551,19169000600.0,531477040,60833
552,19169000400.0,534176230,61991
553,19169001302.0,907187060,59234
554,19169000100.0,528385050,82985
555,19169001302.0,908204160,59234
556,19169001302.0,924100020,59234
557,19169001302.0,907401080,59234
558,19169000100.0,528108120,82985
559,19169001302.0,916403230,59234
560,19169000900.0,903236040,37028
561,19169000900.0,903475060,37028
562,19169000300.0,527302090,60500
563,19169001302.0,923230120,59234
564,19169000400.0,534403420,61991
565,19169000900.0,902304060,37028
566,19169001302.0,907290090,59234
567,19169001302.0,907203090,59234
568,19169000600.0,905102060,60833
569,19169001302.0,907275150,59234
570,19169000200.0,535152150,52375
571,19169000100.0,528365090,82985
572,19169001000.0,910200080,26009
573,19169001302.0,923225080,59234
574,19169000600.0,906402200,60833
575,19169001302.0,921128050,59234
576,19169001100.0,909250160,20878
577,19169001302.0,908225170,59234
578,19169000600.0,906380060,60833
579,19169000100.0,527175130,82985
580,19169000100.0,528480110,82985
581,19169000100.0,528150070,82985
582,19169001302.0,923400040,59234
583,19169001000.0,910205020,26009
584,19169000200.0,535103050,52375
585,19169000100.0,528240150,82985
586,,906226120,
587,19169000200.0,535327140,52375
588,19169000100.0,528427040,82985
589,19169000100.0,528435020,82985
590,19169000400.0,534431130,61991
591,19169001302.0,923203110,59234
592,19169000300.0,527356020,60500
593,19169000100.0,527252090,82985
594,19169000100.0,527258020,82985
595,19169000100.0,533253060,82985
596,19169000600.0,905107380,60833
597,19169000600.0,531375040,60833
598,19169000200.0,535355100,52375
599,19169001302.0,907192120,59234
600,19169000100.0,528138010,82985
601,19169001302.0,908229020,59234
602,19169000100.0,528480090,82985
603,19169000100.0,527108070,82985
604,19169000600.0,906226060,60833
605,19169001302.0,908275290,59234
606,19169000600.0,531375070,60833
607,19169000100.0,528480070,82985
608,19169000600.0,905300080,60833
609,19169001302.0,907203040,59234
610,19169000200.0,535450180,52375
611,19169000600.0,531382070,60833
612,19169000100.0,527216080,82985
613,19169000600.0,906394050,60833
614,19169000100.0,527252070,82985
615,19169000400.0,534250010,61991
616,19169000600.0,904100090,60833
617,19169000700.0,905453040,21333
618,19169000300.0,527326150,60500
619,19169001100.0,909101050,20878
620,19169001302.0,923203140,59234
621,19169000600.0,906230020,60833
622,19169000100.0,528218060,82985
623,19169000600.0,906380040,60833
624,19169000100.0,528228360,82985
625,19169000600.0,532377130,60833
626,19169000100.0,527256040,82985
627,19169000900.0,903400030,37028
628,19169000200.0,535453200,52375
629,19169000100.0,528240080,82985
630,19169000400.0,534476320,61991
631,19169000900.0,902125080,37028
632,19169000100.0,528327010,82985
633,19169001302.0,916455070,59234
634,19169000200.0,535350030,52375
635,19169000600.0,905226170,60833
636,19169000100.0,528488140,82985
637,19169000100.0,528228580,82985
638,19169000300.0,527453130,60500
639,,534127210,
640,19169000600.0,531452020,60833
641,19169000600.0,531452180,60833
642,19169000900.0,902300110,37028
643,19169001302.0,924152030,59234
644,19169000900.0,902110120,37028
645,19169000100.0,528439080,82985
646,19169001302.0,908151040,59234
647,19169000100.0,528390020,82985
648,19169000600.0,531453140,60833
649,19169000600.0,905226110,60833
650,19169000600.0,531363080,60833
651,19169000300.0,527450520,60500
652,19169000400.0,534252040,61991
653,19169000300.0,527453140,60500
654,19169000600.0,531385020,60833
655,19169000400.0,534151175,61991
656,19169001302.0,914452060,59234
657,19169000200.0,535426130,52375
658,19169000600.0,905200220,60833
659,19169000900.0,903425280,37028
660,19169000300.0,527326130,60500
661,19169000900.0,902105110,37028
662,19169000100.0,528477050,82985
663,19169001100.0,909282130,20878
664,19169000400.0,534402170,61991
665,19169000100.0,528228340,82985
666,19169000300.0,527404020,60500
667,19169001302.0,908103350,59234
668,19169000100.0,527126030,82985
669,19169001302.0,916475040,59234
670,19169000700.0,905452110,21333
671,19169000100.0,533208020,82985
672,19169000900.0,902103120,37028
673,19169000300.0,527359180,60500
674,19169000200.0,535475020,52375
675,19169001302.0,923227100,59234
676,19169000100.0,528150090,82985
677,19169001302.0,914475030,59234
678,19169001302.0,923225240,59234
679,19169000100.0,527108060,82985
680,19169000100.0,528482090,82985
681,19169000300.0,527358060,60500
682,19169000900.0,903235100,37028
683,19169000900.0,903225040,37028
685,19169000700.0,905453080,21333
686,19169000900.0,903227080,37028
687,19169001302.0,908102140,59234
688,19169000400.0,534275060,61991
689,19169001302.0,907202080,59234
690,19169000600.0,532351090,60833
691,19169001302.0,923226300,59234
694,19169001302.0,907180130,59234
695,19169001302.0,907412040,59234
696,19169000200.0,535456100,52375
697,19169000100.0,528172020,82985
698,19169001302.0,907175080,59234
699,19169000400.0,534427140,61991
700,19169000600.0,905200010,60833
701,19169000100.0,528228555,82985
702,19169000600.0,905300020,60833
703,19169000100.0,533253030,82985
704,19169001302.0,923228250,59234
705,19169000300.0,534128100,60500
706,19169001302.0,908103090,59234
707,19169000600.0,531369010,60833
708,19169000200.0,535426350,52375
709,19169000100.0,527210050,82985
710,19169001302.0,923225190,59234
711,19169001302.0,923228210,59234
712,19169000900.0,902401090,37028
713,19169000100.0,528174080,82985
714,19169001000.0,910200040,26009
715,19169000100.0,528294060,82985
716,19169000900.0,902128150,37028
717,19169000200.0,535451010,52375
718,19169000100.0,533221060,82985
719,19169000200.0,535175050,52375
720,,909451100,
721,19169000600.0,905104210,60833
722,19169001302.0,907275080,59234
723,19169001302.0,907285080,59234
724,19169001302.0,907285050,59234
725,19169000100.0,528118040,82985
726,19169001302.0,907255050,59234
727,19169000600.0,905105190,60833
728,19169001302.0,923201100,59234
729,19169000100.0,528120030,82985
730,19169001302.0,907135170,59234
731,19169000200.0,535478010,52375
732,19169000200.0,535180120,52375
733,19169000400.0,534426110,61991
734,19169000200.0,535403150,52375
735,19169000600.0,531376010,60833
736,19169000700.0,905475520,21333
737,19169001302.0,907175030,59234
738,19169000100.0,527212050,82985
739,19169000900.0,902201110,37028
740,19169000600.0,906201030,60833
741,19169000200.0,535325130,52375
742,19169000100.0,533213040,82985
743,19169000300.0,527352150,60500
744,19169000900.0,903226060,37028
745,19169001302.0,923227080,59234
746,19169001302.0,907252060,59234
748,19169000100.0,528102010,82985
749,19169000100.0,533208040,82985
750,19169000300.0,534128090,60500
751,19169001302.0,908103260,59234
752,19169000900.0,903231180,37028
753,19169000100.0,533206050,82985
754,19169000200.0,535403280,52375
755,19169001302.0,907192030,59234
756,19169001302.0,914465060,59234
757,19169000900.0,903228120,37028
758,19169000900.0,903229040,37028
759,19169000200.0,535101120,52375
760,19169000100.0,527180040,82985
761,19169000900.0,902110080,37028
762,19169000900.0,902405120,37028
763,19169001302.0,924100070,59234
764,19169001000.0,903454020,26009
765,19169000100.0,527110120,82985
766,19169000900.0,902136110,37028
767,19169001302.0,907130060,59234
768,19169000200.0,526350040,52375
769,19169000200.0,535352090,52375
770,19169001302.0,907295100,59234
771,19169000100.0,528431060,82985
772,19169000200.0,535126040,52375
773,19169000400.0,534477110,61991
774,19169000100.0,528222010,82985
775,19169001302.0,923203010,59234
776,19169000200.0,535154060,52375
777,19169000100.0,533125120,82985
778,19169000900.0,902301150,37028
779,19169000100.0,533250160,82985
780,19169000100.0,528106010,82985
781,19169000600.0,532376040,60833
782,19169000200.0,535151130,52375
783,19169000100.0,528240070,82985
784,19169000100.0,527184020,82985
785,19169001302.0,907135230,59234
786,19169000300.0,527402150,60500
787,19169000600.0,532378070,60833
788,19169001000.0,910201020,26009
789,19169000600.0,905103060,60833
790,19169001302.0,923228110,59234
791,19169000600.0,904100170,60833
792,19169000100.0,533242090,82985
793,19169000100.0,528456180,82985
794,19169001302.0,907285100,59234
795,19169000200.0,535104020,52375
796,19169000100.0,528439040,82985
798,19169001302.0,908225320,59234
799,19169000100.0,527216070,82985
800,19169000300.0,527451290,60500
801,19169001302.0,907410050,59234
802,19169001100.0,909254050,20878
803,19169000600.0,531373060,60833
804,19169000400.0,534451130,61991
805,19169000900.0,902206220,37028
806,19169000100.0,527164020,82985
807,19169000100.0,527107130,82985
808,19169001302.0,923225200,59234
809,19169001100.0,909251030,20878
810,19169001302.0,907194130,59234
811,19169001302.0,907250070,59234
812,19169001000.0,903454080,26009
813,19169000400.0,534250335,61991
814,19169000100.0,528108130,82985
815,,923230010,
816,19169001100.0,909281030,20878
817,19169000300.0,527451320,60500
818,19169000200.0,535303110,52375
819,19169000100.0,528456200,82985
820,19169000100.0,528120010,82985
821,19169000900.0,902207170,37028
822,19169001302.0,923204140,59234
823,19169000600.0,906223080,60833
824,,532378050,
825,19169000600.0,906204140,60833
826,19169001302.0,923202137,59234
827,19169001302.0,907280040,59234
828,19169000100.0,528170070,82985
829,,909451020,
830,19169000900.0,902300260,37028
831,19169000200.0,535375160,52375
832,19169000300.0,527405160,60500
833,19169000300.0,534200030,60500
834,19169000100.0,528186110,82985
835,19169000300.0,527450110,60500
836,19169000100.0,528292030,82985
837,19169000200.0,535177020,52375
838,19169000200.0,535478110,52375
839,19169000100.0,528142070,82985
840,19169000100.0,527276040,82985
841,19169001302.0,908127070,59234
842,19169001302.0,908186090,59234
843,19169001302.0,916403290,59234
844,19169000100.0,528327070,82985
845,19169000200.0,535453040,52375
846,19169001302.0,923276180,59234
847,19169000400.0,534430110,61991
848,19169001302.0,907187030,59234
849,19169000200.0,535383120,52375
850,19169000900.0,902205070,37028
851,19169000200.0,535453100,52375
852,19169000100.0,528488100,82985
853,19169000400.0,534403370,61991
854,19169000200.0,535455080,52375
856,19169000600.0,532479120,60833
857,19169000600.0,531452260,60833
858,19169000100.0,528488130,82985
859,19169001302.0,923229010,59234
860,19169000100.0,528382020,82985
861,19169001302.0,914478045,59234
862,19169000200.0,535478040,52375
863,19169001302.0,907227080,59234
864,19169000600.0,532376090,60833
865,19169001302.0,907196050,59234
866,19169001302.0,907265100,59234
867,19169000100.0,528114050,82985
868,19169001302.0,907260030,59234
869,19169000600.0,905200510,60833
870,19169000100.0,527106050,82985
871,19169000300.0,527325160,60500
872,19169000200.0,535403190,52375
873,19169001302.0,907410040,59234
874,19169000600.0,531384070,60833
875,19169000100.0,528290170,82985
876,19169001000.0,903457130,26009
877,19169000900.0,902402250,37028
878,19169000100.0,533223050,82985
879,19169000300.0,527376090,60500
880,19169000100.0,528168040,82985
881,19169000100.0,528174070,82985
882,19169000100.0,527106140,82985
883,19169001100.0,909281080,20878
884,19169000400.0,534250410,61991
885,19169001302.0,907200250,59234
886,19169001302.0,907200170,59234
887,19169000100.0,527182190,82985
888,19169000100.0,528290090,82985
889,19169000100.0,528228440,82985
890,19169000700.0,905476225,21333
891,19169001302.0,907260040,59234
892,19169000200.0,535376090,52375
893,19169000200.0,526302040,52375
894,19169000100.0,528188160,82985
895,19169000300.0,527451450,60500
896,19169000200.0,535453150,52375
897,19169001302.0,907412020,59234
899,19169001302.0,907252220,59234
900,19169000200.0,535354260,52375
901,19169001000.0,910206010,26009
902,19169000900.0,903232030,37028
903,19169001302.0,921201060,59234
904,19169000200.0,535353040,52375
905,19169000400.0,534427040,61991
906,19169000100.0,527368020,82985
907,19169000600.0,905103110,60833
908,19169000100.0,528477080,82985
909,19169000900.0,903230120,37028
910,19169000600.0,906475050,60833
911,19169000100.0,528429070,82985
912,19169000700.0,905426010,21333
913,19169000100.0,528150080,82985
914,19169000400.0,534450090,61991
915,19169000400.0,534403440,61991
916,19169000600.0,905201080,60833
917,19169001302.0,914476380,59234
918,19169000100.0,533223110,82985
919,19169000400.0,534426040,61991
920,19169000300.0,527358140,60500
921,19169000100.0,528102030,82985
922,19169000600.0,905107320,60833
923,19169000100.0,528228290,82985
924,19169000300.0,527427210,60500
925,19169001100.0,909100110,20878
926,19169000100.0,528228415,82985
927,19169001100.0,909281130,20878
928,19169001302.0,907202240,59234
929,19169000900.0,903400040,37028
930,19169000600.0,532351060,60833
931,19169000600.0,532377100,60833
932,19169000300.0,527325240,60500
933,19169000100.0,528390210,82985
934,19169000600.0,532354150,60833
935,19169001000.0,903452025,26009
936,19169000100.0,528456240,82985
937,19169000300.0,534225120,60500
938,19169000600.0,906382060,60833
939,19169000100.0,528166060,82985
940,19169000100.0,533253180,82985
941,19169000100.0,528315110,82985
942,19169000200.0,535150280,52375
943,19169000900.0,902305110,37028
944,19169001302.0,907125040,59234
945,19169001000.0,910203020,26009
946,19169000100.0,528363020,82985
947,19169001302.0,923202025,59234
948,19169000100.0,528429100,82985
949,19169000100.0,533236040,82985
950,19169000200.0,535151110,52375
951,19169000700.0,905377020,21333
952,19169000900.0,903401020,37028
953,19169000600.0,906230010,60833
954,19169000400.0,534479140,61991
955,19169001100.0,909253180,20878
956,19169000600.0,531379030,60833
957,19169001302.0,907227090,59234
958,19169001100.0,909282110,20878
959,19169000100.0,528166120,82985
960,19169001302.0,914467050,59234
961,19169000700.0,905427140,21333
962,19169000100.0,527165010,82985
963,19169000300.0,527359050,60500
964,19169000200.0,535180030,52375
965,19169000900.0,902427150,37028
966,19169000700.0,905451300,21333
967,19169000900.0,903233100,37028
968,19169000900.0,902301030,37028
969,19169000400.0,534275010,61991
970,19169001302.0,908152070,59234
971,19169000600.0,905104090,60833
972,19169000200.0,535375040,52375
973,19169001302.0,907202220,59234
974,19169001302.0,907227050,59234
975,19169000200.0,535382020,52375
976,19169000700.0,905403060,21333
977,19169000600.0,531376090,60833
978,19169000200.0,535427070,52375
979,19169001302.0,923228270,59234
980,19169000100.0,528228445,82985
981,19169001302.0,907125020,59234
982,19169000100.0,533206060,82985
983,19169000100.0,528275060,82985
984,19169000400.0,534403290,61991
985,19169000200.0,526351100,52375
986,19169000300.0,534201300,60500
987,19169000100.0,527105060,82985
988,19169000700.0,904302020,21333
989,19169000100.0,527107210,82985
990,19169000400.0,534425080,61991
991,19169000100.0,528354110,82985
992,19169001302.0,907290250,59234
993,19169000100.0,528480150,82985
994,19169000400.0,534427010,61991
995,19169000600.0,905106140,60833
996,19169001302.0,914452120,59234
997,19169001302.0,907250050,59234
998,19169001100.0,909425140,20878
999,19169000200.0,535301080,52375
1000,19169000300.0,534125120,60500
1001,19169000100.0,528186090,82985
1002,19169000100.0,533236070,82985
1003,19169000900.0,903228060,37028
1004,19169000100.0,528351010,82985
1005,19169001302.0,916403200,59234
1006,19169000700.0,905401020,21333
1007,19169000200.0,535382100,52375
1008,19169000700.0,905476170,21333
1009,19169000100.0,527364030,82985
1010,19169000200.0,526355190,52375
1011,19169001100.0,916226090,20878
1012,19169000100.0,533223020,82985
1013,19169001302.0,908275300,59234
1014,19169000300.0,527451170,60500
1015,19169001302.0,907425015,59234
1016,19169001302.0,923276100,59234
1017,19169001100.0,909276010,20878
1018,19169000100.0,528176070,82985
1019,19169001302.0,907412080,59234
1020,19169001302.0,923400110,59234
1021,19169001302.0,923229100,59234
1022,19169000900.0,903233180,37028
1023,19169000100.0,528231030,82985
1024,19169001100.0,909254070,20878
1025,19169000300.0,527455060,60500
1026,19169000400.0,534478140,61991
1027,19169000600.0,905108120,60833
1028,19169000700.0,905377130,21333
1029,19169000600.0,905201090,60833
1030,19169000700.0,905480210,21333
1031,19169000400.0,534278070,61991
1032,19169000100.0,527368010,82985
1033,19169000100.0,528188090,82985
1034,19169000200.0,535180130,52375
1035,19169000100.0,533210060,82985
1036,19169000300.0,527359010,60500
1037,19169000100.0,533130130,82985
1038,19169000600.0,531371050,60833
1039,19169000200.0,535354050,52375
1040,19169000900.0,902106010,37028
1042,19169000100.0,533213020,82985
1043,19169000100.0,528456220,82985
1044,19169001302.0,907227290,59234
1045,19169000100.0,528186010,82985
1046,19169000600.0,905104240,60833
1047,19169000600.0,906426090,60833
1048,19169000900.0,902301120,37028
1049,19169000900.0,902101010,37028
1050,19169000300.0,527450030,60500
1051,19169000200.0,535175070,52375
1052,19169000100.0,528108070,82985
1053,19169001100.0,909281020,20878
1054,19169000100.0,533213140,82985
1055,19169000200.0,535302070,52375
1056,19169000700.0,905480030,21333
1057,19169001302.0,907200110,59234
1058,,907275030,
1059,19169001302.0,907203110,59234
1060,19169000100.0,527127100,82985
1061,19169000100.0,528431020,82985
1062,19169000200.0,535379060,52375
1063,19169000900.0,903205085,37028
1064,19169000600.0,531450120,60833
1065,19169000900.0,902205130,37028
1066,19169000600.0,904100140,60833
1067,19169001302.0,923229140,59234
1068,19169001000.0,903456060,26009
1069,19169000100.0,528431120,82985
1070,19169000600.0,905107220,60833
1071,19169001000.0,903458170,26009
1072,19169000300.0,534202030,60500
1073,19169000100.0,527127140,82985
1074,19169000200.0,535101150,52375
1075,19169000200.0,535402070,52375
1077,19169000900.0,902403070,37028
1078,19169000100.0,528477070,82985
1079,19169001302.0,908127100,59234
1080,19169000900.0,902301080,37028
1081,19169000900.0,903475100,37028
1082,19169000900.0,903226150,37028
1083,19169000900.0,902207080,37028
1084,19169000200.0,535450210,52375
1086,19169000200.0,535153070,52375
1087,19169000600.0,905105170,60833
1088,19169001302.0,907290080,59234
1089,19169000200.0,526354070,52375
1090,19169001000.0,903458060,26009
1092,19169000600.0,532479050,60833
1093,19169000300.0,527427090,60500
1094,19169000600.0,905109170,60833
1095,19169000700.0,905479110,21333
1096,19169001302.0,907187040,59234
1097,,909451040,
1098,19169000700.0,905475160,21333
1099,19169000400.0,534250370,61991
1100,19169000700.0,905377010,21333
1101,,908208020,
1102,19169000600.0,531479020,60833
1103,19169001100.0,909428280,20878
1104,19169000200.0,535454070,52375
1105,19169000200.0,535304020,52375
1106,19169000100.0,527131110,82985
1107,19169000400.0,534403280,61991
1108,19169000100.0,527107040,82985
1109,19169001302.0,907270040,59234
1110,19169001000.0,903455140,26009
1111,19169001302.0,907180040,59234
1112,19169000100.0,528106020,82985
1115,19169000100.0,528228285,82985
1116,19169001302.0,907262080,59234
1117,19169001302.0,923225260,59234
1118,19169000200.0,535383060,52375
1119,19169000300.0,527453050,60500
1120,19169000100.0,527107030,82985
1121,19169000900.0,903236130,37028
1122,19169000400.0,534450180,61991
1123,19169000100.0,528275080,82985
1124,19169001100.0,909428340,20878
1125,19169000100.0,528441080,82985
1126,19169000100.0,527105130,82985
1127,19169001302.0,907175060,59234
1128,19169001302.0,908228010,59234
1129,19169000700.0,905480180,21333
1130,19169000300.0,534201240,60500
1131,19169000100.0,528441020,82985
1132,19169000100.0,527164090,82985
1133,19169001100.0,909277070,20878
1134,19169000400.0,534400060,61991
1135,19169001302.0,907290210,59234
1136,19169000600.0,906204150,60833
1137,19169000600.0,531451150,60833
1138,19169000100.0,528181080,82985
1139,19169000200.0,535106140,52375
1140,19169000100.0,533241010,82985
1141,19169000400.0,534276180,61991
1142,19169000100.0,527163010,82985
1143,19169001302.0,907194020,59234
1144,19169001302.0,907187010,59234
1145,19169001302.0,908151050,59234
1146,,528102140,
1147,19169000300.0,534125080,60500
1148,19169000100.0,528321010,82985
1149,19169001302.0,914475090,59234
1150,19169000400.0,534451120,61991
1151,19169000900.0,902202090,37028
1152,19169001100.0,909131125,20878
1153,19169001100.0,909427230,20878
1154,19169001100.0,909475040,20878
1155,19169000100.0,533242030,82985
1156,19169000100.0,528120170,82985
1157,19169000900.0,902100010,37028
1158,19169000200.0,535179060,52375
1159,19169000400.0,534276070,61991
1160,19169000700.0,905452140,21333
1161,19169000100.0,528387030,82985
1162,19169000400.0,534277090,61991
1163,19169000100.0,534104100,82985
1164,19169000900.0,902207220,37028
1165,19169000900.0,902300215,37028
1166,19169000400.0,534176140,61991
1167,19169000900.0,902128160,37028
1168,19169000300.0,527451180,60500
1169,19169000700.0,905402070,21333
1171,19169001302.0,916382110,59234
1172,19169000400.0,534176060,61991
1173,19169000300.0,527302110,60500
1174,19169001100.0,909425270,20878
1175,19169000300.0,527404050,60500
1176,19169000700.0,905480150,21333
1177,19169000900.0,903231090,37028
1178,19169000600.0,531375120,60833
1179,19169000600.0,906201021,60833
1180,19169000600.0,531371070,60833
1181,19169000100.0,528390100,82985
1182,19169000600.0,906200230,60833
1183,19169001302.0,907420040,59234
1184,19169001302.0,916402215,59234
1185,19169001302.0,907200290,59234
1186,19169001302.0,908225180,59234
1187,19169000600.0,906380050,60833
1188,19169000200.0,535450190,52375
1189,19169000100.0,528315030,82985
1190,19169000200.0,535103070,52375
1191,19169000600.0,905202090,60833
1192,19169001302.0,907192090,59234
1193,19169000100.0,527158090,82985
1194,19169001302.0,916326040,59234
1195,19169000400.0,534403040,61991
1196,19169000100.0,528220040,82985
1198,19169001302.0,907201280,59234
1199,19169000100.0,528235180,82985
1200,19169000100.0,528231050,82985
1201,19169001302.0,907425010,59234
1202,19169000600.0,905103180,60833
1203,19169000100.0,528228450,82985
1204,19169000600.0,906380030,60833
1205,19169000100.0,528445060,82985
1206,19169001100.0,909252110,20878
1207,19169001100.0,909179020,20878
1208,19169001100.0,909251050,20878
1209,19169000900.0,903231010,37028
1210,19169000100.0,528142090,82985
1211,19169001302.0,907200280,59234
1212,19169000100.0,528477040,82985
1213,19169000900.0,903206070,37028
1214,19169001100.0,909428190,20878
1215,19169000100.0,528112040,82985
1216,19169000100.0,528142040,82985
1217,19169000900.0,902106060,37028
1218,19169000300.0,527375100,60500
1219,19169000100.0,527105070,82985
1220,19169001100.0,909277090,20878
1221,19169000100.0,527110130,82985
1222,19169000300.0,527375210,60500
1223,19169000100.0,533215030,82985
1224,19169000600.0,906378100,60833
1225,19169000300.0,527325090,60500
1226,19169000200.0,526301100,52375
1227,19169000200.0,535178060,52375
1228,19169000900.0,903430090,37028
1229,19169000400.0,534402140,61991
1230,19169001302.0,908225240,59234
1231,19169000400.0,534451110,61991
1232,19169001302.0,914467040,59234
1233,19169000300.0,527451110,60500
1234,19169001302.0,907262020,59234
1235,19169000300.0,527376110,60500
1236,19169000700.0,904301375,21333
1237,19169000700.0,905352070,21333
1238,19169000100.0,527145090,82985
1240,19169000900.0,902427180,37028
1241,19169000900.0,903476030,37028
1242,19169000400.0,534400030,61991
1243,19169000100.0,533213120,82985
1244,19169000100.0,528290010,82985
1245,19169001302.0,907420060,59234
1246,19169001302.0,907260010,59234
1247,19169000600.0,906201200,60833
1248,19169000600.0,906382020,60833
1249,19169000600.0,532376160,60833
1250,19169001000.0,910202070,26009
1251,19169000100.0,528150120,82985
1252,19169000900.0,902101050,37028
1253,19169001100.0,909250070,20878
1254,19169000200.0,535476240,52375
1255,19169000100.0,528228405,82985
1256,19169000600.0,905202230,60833
1257,19169000100.0,527210060,82985
1258,19169000100.0,528228460,82985
1259,19169000100.0,528112020,82985
1260,19169000100.0,528290180,82985
1261,19169001302.0,907254050,59234
1262,19169000600.0,904100040,60833
1263,19169000300.0,534126060,60500
1264,19169000200.0,535402010,52375
1265,19169000400.0,534403080,61991
1266,19169000600.0,532351140,60833
1267,19169000900.0,903426010,37028
1268,19169000600.0,531367050,60833
1269,19169000100.0,533213130,82985
1270,19169001302.0,907185060,59234
1271,19169000700.0,905427010,21333
1272,19169001302.0,908102100,59234
1273,19169000100.0,527145080,82985
1274,19169000400.0,534250300,61991
1275,19169000600.0,905301050,60833
1276,19169000300.0,534202180,60500
1277,19169000600.0,531450170,60833
1278,19169000100.0,533212120,82985
1279,19169000900.0,902109120,37028
1280,19169000200.0,535450310,52375
1281,19169000900.0,903201030,37028
1282,19169000100.0,533236060,82985
1283,19169001302.0,908102130,59234
1284,19169000600.0,905105070,60833
1285,19169000100.0,533241030,82985
1286,19169001302.0,923228260,59234
1287,19169000300.0,534204030,60500
1288,19169000200.0,535477020,52375
1289,19169001302.0,907192130,59234
1290,19169000400.0,534151120,61991
1291,19169001302.0,908102170,59234
1292,19169001302.0,907401050,59234
1293,19169000900.0,902105060,37028
1294,19169000400.0,534431050,61991
1295,19169000100.0,528344060,82985
1296,19169001100.0,909452114,20878
1297,19169001100.0,909455040,20878
1298,19169000400.0,534276190,61991
1299,19169001302.0,907253060,59234
1300,19169000900.0,902329090,37028
1301,19169000300.0,527453160,60500
1302,19169000900.0,903233080,37028
1303,19169000100.0,528292060,82985
1304,19169001200.0,909256120,86520
1305,19169000600.0,906223220,60833
1306,19169000200.0,535153150,52375
1307,19169000100.0,527163080,82985
1308,19169001302.0,907414080,59234
1309,19169000300.0,527402090,60500
1310,19169000200.0,535426260,52375
1311,19169000100.0,528322020,82985
1312,19169001302.0,908152180,59234
1313,19169001100.0,909131170,20878
1314,19169000100.0,527146135,82985
1315,19169001302.0,907255010,59234
1316,19169000100.0,528142110,82985
1317,19169000100.0,533223030,82985
1318,19169001302.0,907131120,59234
1319,19169000300.0,534201130,60500
1320,19169000100.0,528366050,82985
1321,19169000100.0,528340030,82985
1322,19169000900.0,903475020,37028
1323,19169001302.0,908152290,59234
1324,19169000100.0,527163100,82985
1325,19169001302.0,916477020,59234
1326,19169000200.0,535456010,52375
1327,19169000300.0,534129080,60500
1328,19169000200.0,535101020,52375
1329,19169000100.0,528320060,82985
1330,19169000900.0,903234220,37028
1331,19169001000.0,911370520,26009
1332,19169000100.0,528218020,82985
1333,19169000900.0,902325050,37028
1334,19169000700.0,905427070,21333
1335,19169001302.0,907252050,59234
1336,19169001302.0,907253130,59234
1337,19169000900.0,903429080,37028
1338,19169000300.0,527451060,60500
1339,19169001302.0,907418040,59234
1340,19169000200.0,535402230,52375
1341,19169000300.0,527427230,60500
1342,19169000900.0,903204030,37028
1343,19169001302.0,923225360,59234
1345,19169000900.0,903202120,37028
1346,19169000300.0,527455050,60500
1347,19169000900.0,903231190,37028
1348,19169000100.0,528275110,82985
1349,19169000600.0,906202040,60833
1350,19169000100.0,528382030,82985
1351,19169001302.0,907200190,59234
1352,19169000600.0,531451110,60833
1353,19169000600.0,906340130,60833
1354,19169001302.0,923400025,59234
1355,19169000100.0,528480130,82985
1356,19169000400.0,534277070,61991
1357,19169001302.0,907203060,59234
1358,19169000100.0,528480160,82985
1359,19169001302.0,907135050,59234
1360,19169001302.0,916403010,59234
1361,19169000100.0,528482020,82985
1362,19169000700.0,905451320,21333
1363,19169001302.0,907135260,59234
1364,19169000300.0,527455280,60500
1365,19169000300.0,527451400,60500
1366,19169000100.0,528290030,82985
1367,19169000200.0,535154080,52375
1368,19169001100.0,909276110,20878
1369,19169001302.0,914476010,59234
1370,19169000200.0,535451210,52375
1371,19169001302.0,916402115,59234
1372,19169000300.0,527375160,60500
1373,19169000100.0,527252080,82985
1374,19169001302.0,916380060,59234
1375,19169000100.0,533125080,82985
1376,19169001302.0,908275180,59234
1377,19169000100.0,528348030,82985
1378,19169001302.0,907252190,59234
1379,19169000100.0,527190220,82985
1380,19169000400.0,534425015,61991
1381,19169000100.0,528172060,82985
1382,19169001100.0,909455060,20878
1383,19169000100.0,527164120,82985
1384,19169000400.0,534477270,61991
1385,19169000100.0,527105050,82985
1386,19169000600.0,906394040,60833
1387,19169000900.0,902206240,37028
1388,19169001100.0,909253010,20878
1389,19169001100.0,909279080,20878
1390,19169001302.0,907290040,59234
1391,19169000200.0,535457020,52375
1392,19169000900.0,902204120,37028
1393,19169000200.0,535301170,52375
1394,19169001302.0,923228230,59234
1395,19169001302.0,923202060,59234
1396,19169000700.0,904302260,21333
1397,19169001100.0,909275250,20878
1398,19169000600.0,531452080,60833
1399,19169000100.0,528138020,82985
1400,19169000600.0,905101330,60833
1401,19169001302.0,916475110,59234
1402,19169000300.0,534128020,60500
1403,19169001100.0,909475300,20878
1404,19169000300.0,527358090,60500
1405,19169001100.0,909250120,20878
1406,19169001100.0,909254150,20878
1407,19169000600.0,905202190,60833
1408,19169000300.0,527353060,60500
1409,19169000700.0,905478220,21333
1410,19169001302.0,916402015,59234
1411,19169000700.0,905426100,21333
1412,19169001302.0,923228220,59234
1413,19169000100.0,527182020,82985
1414,19169000100.0,528175060,82985
1415,,909451180,
1416,,908102040,
1417,19169000900.0,903230110,37028
1418,19169000600.0,906223210,60833
1419,19169000300.0,527377030,60500
1420,19169000600.0,905101260,60833
1421,19169000900.0,903426180,37028
1422,19169001302.0,916475020,59234
1423,19169000600.0,905200490,60833
1424,19169000700.0,905401045,21333
1425,19169000900.0,902205090,37028
1426,19169001000.0,910205130,26009
1427,19169000100.0,528280130,82985
1428,,534127130,
1429,19169000200.0,526353030,52375
1430,19169001000.0,903481100,26009
1431,19169000200.0,535402120,52375
1432,19169000300.0,527302210,60500
1433,19169000600.0,532378130,60833
1434,19169000900.0,902301130,37028
1435,19169000900.0,902103100,37028
1436,19169000200.0,535454100,52375
1437,19169001100.0,909250040,20878
1438,19169000900.0,902325070,37028
1439,19169000100.0,533125140,82985
1440,19169001302.0,924100060,59234
1441,19169000100.0,533251120,82985
1442,19169001302.0,907414020,59234
1443,19169000200.0,535451110,52375
1444,19169000200.0,535302130,52375
1445,19169000700.0,905402110,21333
1447,19169000400.0,534175100,61991
1448,19169000100.0,527164060,82985
1449,19169001302.0,907270050,59234
1450,19169000100.0,528178010,82985
1451,19169001302.0,907200230,59234
1452,19169000100.0,527162090,82985
1453,19169000300.0,527450460,60500
1454,19169000100.0,528106120,82985
1455,19169000100.0,528294070,82985
1456,19169000200.0,535455090,52375
1457,19169000200.0,535176070,52375
1458,19169000900.0,902405070,37028
1459,19169000200.0,535478090,52375
1460,19169001302.0,907202130,59234
1461,19169000900.0,902100030,37028
1462,19169000900.0,902105050,37028
1463,19169000400.0,534252270,61991
1464,19169000600.0,532377050,60833
1465,19169000400.0,534177210,61991
1466,19169000100.0,533221030,82985
1467,19169001100.0,909175030,20878
1468,19169000100.0,528164040,82985
1469,19169000300.0,527402240,60500
1470,19169000100.0,528181070,82985
1471,19169000200.0,535152130,52375
1472,19169000200.0,535353160,52375
1473,19169001302.0,907420080,59234
1474,19169001302.0,907410130,59234
1475,19169000400.0,534403410,61991
1476,19169000100.0,533205110,82985
1477,19169001302.0,907262050,59234
1478,19169000900.0,902405100,37028
1479,19169000400.0,534251280,61991
1480,19169000100.0,533205060,82985
1481,19169001302.0,907405130,59234
1482,19169001302.0,924100050,59234
1483,19169001302.0,923225370,59234
1484,19169000600.0,906203120,60833
1485,19169000900.0,903400220,37028
1486,19169001000.0,911370530,26009
1487,19169000100.0,528235120,82985
1488,19169000100.0,532477040,82985
1489,19169000100.0,528228430,82985
1490,19169000300.0,527357110,60500
1491,19169001302.0,907202100,59234
1492,19169000300.0,534127190,60500
1493,19169000200.0,535125070,52375
1494,19169000200.0,535401080,52375
1495,19169000400.0,534403400,61991
1496,19169001302.0,908188150,59234
1497,19169000300.0,527427160,60500
1498,19169000100.0,528326060,82985
1499,19169000600.0,531385130,60833
1500,19169000600.0,906230030,60833
1501,19169000600.0,906426210,60833
1502,19169000102.0,527162110,
1503,19169000102.0,527276150,
1504,19169001303.0,907201230,
1505,19169000600.0,905104110,60833
1506,19169001302.0,914476330,59234
1507,19169001303.0,907290160,
1508,19169001303.0,907125080,
1509,19169001304.0,908188110,
1510,19169000102.0,528172150,
1511,19169000200.0,535350040,52375
1512,19169000200.0,535302140,52375
1513,19169000102.0,528108010,
1514,19169000600.0,531375090,60833
1515,19169000200.0,526353050,52375
1516,19169001101.0,909276170,
1517,19169000102.0,528228295,
1518,19169001303.0,907202050,
1519,19169000600.0,905107240,60833
1520,19169000200.0,535305180,52375
1521,19169000600.0,531453040,60833
1522,19169001302.0,923277040,59234
1523,19169000105.0,528435070,
1524,19169000300.0,527454120,60500
1525,19169001302.0,923228290,59234
1526,19169001000.0,903451090,26009
1527,19169000300.0,527354050,60500
1528,19169000200.0,526351010,52375
1529,19169001304.0,908128110,
1530,19169000700.0,905427050,21333
1531,19169001302.0,923230200,59234
1532,19169000102.0,528228565,
1533,19169000600.0,906402070,60833
1534,19169000105.0,528431070,
1535,19169000600.0,532378120,60833
1536,19169001303.0,907290020,
1537,19169000600.0,905106210,60833
1538,19169000400.0,534276290,61991
1539,,528458140,
1540,19169001000.0,903453080,26009
1541,19169001000.0,910203290,26009
1542,19169000300.0,534226060,60500
1543,19169000400.0,534178010,61991
1544,19169001303.0,907401060,
1545,19169001304.0,908250030,
1546,19169001101.0,909281010,
1547,19169001302.0,914475010,59234
1548,19169001302.0,923225050,59234
1549,19169001302.0,916455170,59234
1550,19169000400.0,534451170,61991
1551,19169001101.0,909175080,
1552,19169000600.0,906225210,60833
1553,19169000900.0,903234090,37028
1554,19169001303.0,907251090,
1555,19169000700.0,905475500,21333
1556,,528458180,
1557,19169001101.0,909252170,
1558,19169000600.0,906425045,60833
1559,19169000900.0,903228150,37028
1560,19169000400.0,534400050,61991
1561,19169001302.0,914452090,59234
1562,19169000105.0,528326030,
1563,19169000700.0,905402090,21333
1564,19169001303.0,907227060,
1565,19169000600.0,905102010,60833
1566,19169001303.0,907255020,
1567,19169000105.0,528315090,
1568,19169000105.0,528482010,
1569,19169000200.0,535304170,52375
1570,19169000102.0,528174030,
1571,19169000200.0,535402330,52375
1572,19169000900.0,903226170,37028
1573,19169000600.0,906403060,60833
1574,19169001304.0,908102320,
1575,19169000200.0,535454050,52375
1576,19169001101.0,909276210,
1577,19169000102.0,528250030,
1578,19169000600.0,531375130,60833
1579,19169001303.0,907201060,
1580,19169000102.0,527208010,
1581,19169000900.0,902402150,37028
1582,19169000102.0,528174010,
1583,19169000900.0,903233120,37028
1584,19169000105.0,528490080,
1585,19169000300.0,527357180,60500
1586,19169000600.0,532354090,60833
1587,19169000300.0,527354200,60500
1588,19169000900.0,903233050,37028
1589,19169000200.0,535378020,52375
1590,19169000102.0,528250070,
1591,19169000200.0,535353240,52375
1592,19169000102.0,528240060,
1593,19169000900.0,903228040,37028
1594,19169000105.0,533252130,
1595,19169000200.0,535325290,52375
1596,19169001303.0,907401090,
1597,19169001304.0,908225290,
1598,19169000600.0,905200290,60833
1599,19169000200.0,535179120,52375
1600,19169000600.0,905103030,60833
1601,19169001303.0,907262060,
1602,19169001101.0,909254090,
1603,19169001101.0,909175100,
1604,,923276250,
1605,19169000102.0,527401130,
1606,19169000300.0,534201040,60500
1607,19169001304.0,908127120,
1608,19169000600.0,905105260,60833
1609,19169000700.0,904351200,21333
1610,19169000900.0,902207110,37028
1611,19169000900.0,902100110,37028
1612,19169000900.0,902105010,37028
1613,19169001101.0,909426060,
1614,19169000400.0,534401140,61991
1615,19169000300.0,527377110,60500
1616,19169001304.0,908102290,
1617,19169001303.0,907252120,
1618,19169000200.0,535451170,52375
1619,19169000900.0,903425245,37028
1620,19169000900.0,902107050,37028
1621,19169000600.0,531477020,60833
1622,19169000600.0,905104180,60833
1623,19169001101.0,909177120,
1624,19169000102.0,528228375,
1625,19169000600.0,906475170,60833
1626,19169000400.0,534451150,61991
1627,19169000200.0,535375010,52375
1628,19169001101.0,909455030,
1629,19169000105.0,528354050,
1630,19169000400.0,534455080,61991
1631,19169000900.0,903201090,37028
1632,19169001000.0,910226060,26009
1634,19169001302.0,916125425,59234
1635,19169000300.0,534128210,60500
1636,19169000105.0,528328100,
1637,19169000900.0,903429010,37028
1638,19169000600.0,531384030,60833
1639,,528110020,
1640,19169000600.0,532351050,60833
1641,19169000102.0,527328010,
1642,19169000900.0,902201090,37028
1643,19169000300.0,534127270,60500
1644,19169000600.0,531379050,60833
1645,19169001303.0,907135080,
1646,19169001304.0,908152280,
1647,19169000600.0,905106150,60833
1648,19169000300.0,527454050,60500
1649,,923276260,
1650,19169000105.0,533223010,
1651,19169000400.0,534475170,61991
1652,19169000105.0,533212020,
1654,19169000200.0,535180020,52375
1655,19169000300.0,527403120,60500
1656,19169000105.0,528376010,
1657,19169000102.0,527252050,
1658,19169000105.0,533221100,
1659,19169000102.0,528250060,
1660,19169000200.0,535378120,52375
1661,19169000900.0,903427090,37028
1662,19169000105.0,528488120,
1663,19169001000.0,910206110,26009
1664,19169000600.0,905107110,60833
1665,19169000900.0,902401030,37028
1666,19169000102.0,527106150,
1667,19169000400.0,534430090,61991
1668,19169001302.0,923225150,59234
1669,19169001101.0,909475230,
1670,19169001304.0,908152060,
1671,19169000700.0,905426200,21333
1672,19169001101.0,909103020,
1673,19169000900.0,902330040,37028
1674,19169001304.0,908152035,
1675,19169000102.0,528292040,
1676,19169000400.0,534276010,61991
1678,19169000400.0,534175010,61991
1679,19169001101.0,909252150,
1680,19169000600.0,905228020,60833
1681,19169000200.0,535180100,52375
1682,19169001302.0,923252080,59234
1683,19169000600.0,906392100,60833
1684,19169001303.0,907194010,
1685,19169000200.0,535402100,52375
1686,19169000900.0,902329070,37028
1687,19169000900.0,903234030,37028
1688,19169000105.0,533130170,
1689,19169000400.0,534275100,61991
1690,19169000102.0,527158020,
1691,19169001101.0,909100170,
1692,19169000102.0,527107010,
1693,19169000600.0,532378180,60833
1694,19169000400.0,534479120,61991
1695,19169001302.0,923203100,59234
1696,19169000900.0,902128100,37028
1697,19169000102.0,528172080,
1698,19169000102.0,528172050,
1699,19169000105.0,528344100,
1700,19169000600.0,905226130,60833
1701,19169001303.0,907135180,
1702,19169001303.0,907180050,
1703,19169001101.0,909252020,
1704,19169000400.0,534276160,61991
1705,19169000102.0,527225035,
1706,19169001302.0,923229110,59234
1707,19169000102.0,528240030,
1708,19169000200.0,526352080,52375
1709,19169000400.0,534476260,61991
1710,19169000700.0,905352140,21333
1711,19169000600.0,531382090,60833
1712,19169000900.0,902329030,37028
1713,19169000200.0,535303150,52375
1714,19169001000.0,911370540,26009
1715,19169000200.0,535176100,52375
1716,19169000200.0,535457070,52375
1717,19169001101.0,909250220,
1718,19169000400.0,534450150,61991
1719,19169000102.0,528290190,
1720,19169000900.0,902109080,37028
1721,19169000300.0,527453010,60500
1722,19169000900.0,903430130,37028
1723,19169000900.0,902206040,37028
1724,19169000102.0,528292070,
1725,19169000105.0,533223080,
1726,19169000200.0,535153140,52375
1727,19169000102.0,528221070,
1728,19169000600.0,533352150,60833
1729,19169000105.0,528327060,
1730,19169000105.0,528354060,
1731,19169000700.0,905452040,21333
1732,19169000102.0,527425035,
1733,19169000200.0,535455060,52375
1734,19169000600.0,905225090,60833
1735,19169000105.0,528344070,
1736,19169000102.0,527161010,
1737,19169000200.0,535125010,52375
1738,19169000600.0,531451280,60833
1739,19169000102.0,528290060,
1740,19169000600.0,906203140,60833
1741,19169000900.0,902108060,37028
1742,19169000105.0,533212010,
1743,19169000300.0,527450280,60500
1744,19169000600.0,532354060,60833
1745,19169001304.0,908250040,
1746,19169001303.0,907202140,
1747,19169000600.0,906223140,60833
1748,19169000900.0,903236200,37028
1749,19169000400.0,534276360,61991
1750,19169001303.0,907425035,
1751,,528458110,
1752,19169001302.0,923225390,59234
1754,19169000900.0,903225050,37028
1755,,909451140,
1756,19169000600.0,906340110,60833
1757,19169001101.0,909275160,
1758,19169000102.0,527163020,
1759,19169000200.0,535383110,52375
1760,19169001302.0,921205070,59234
1761,19169000900.0,902207150,37028
1762,19169000400.0,534252240,61991
1763,19169001101.0,909250150,
1764,19169001303.0,907131070,
1765,19169000400.0,534477090,61991
1766,19169000300.0,527451460,60500
1767,19169001101.0,909275310,
1768,19169000200.0,535476370,52375
1769,19169000300.0,527427200,60500
1770,19169000900.0,903430080,37028
1771,19169001303.0,907252020,
1772,19169001101.0,909252010,
1773,19169000700.0,905378040,21333
1774,19169001303.0,907187080,
1775,19169000300.0,527452190,60500
1776,19169001304.0,908225370,
1777,19169000600.0,906201050,60833
1778,19169001303.0,907131190,
1779,19169000600.0,533352170,60833
1780,19169001000.0,903484020,26009
1781,19169000200.0,535106190,52375
1782,19169000105.0,528439030,
1783,19169000300.0,527404140,60500
1784,19169001303.0,907275090,
1785,19169000600.0,906394020,60833
1786,19169000200.0,535152010,52375
1787,19169000600.0,531369060,60833
1788,19169000300.0,534127170,60500
1789,19169000300.0,527451020,60500
1790,19169001000.0,903458020,26009
1791,19169000105.0,528315080,
1792,19169000200.0,535175030,52375
1793,19169000600.0,906204280,60833
1794,19169000300.0,534202020,60500
1795,19169000102.0,527250040,
1796,19169001304.0,908188140,
1797,19169000200.0,535425050,52375
1798,19169000102.0,527106010,
1799,19169000102.0,528280110,
1800,19169000102.0,527166040,
1801,19169001304.0,908102050,
1802,19169000600.0,904100030,60833
1803,19169000700.0,905480090,21333
1804,19169001302.0,914465055,59234
1805,19169001101.0,909176140,
1806,19169000200.0,535477060,52375
1807,19169000300.0,527455030,60500
1808,19169000102.0,528188150,
1809,19169000105.0,528490040,
1810,19169000300.0,527302050,60500
1811,19169000900.0,902402130,37028
1812,19169000105.0,528354100,
1813,19169000900.0,902109110,37028
1814,19169001303.0,907290170,
1815,19169000900.0,903476100,37028
1816,19169000102.0,527212060,
1817,19169000300.0,534126090,60500
1818,19169001101.0,909276070,
1820,19169000400.0,534278190,61991
1821,19169000300.0,534204120,60500
1822,19169000200.0,535425040,52375
1823,19169001303.0,907202160,
1824,19169000900.0,903227070,37028
1825,19169000600.0,531375050,60833
1826,19169000200.0,535375140,52375
1827,19169000300.0,534201230,60500
1828,19169000600.0,906380100,60833
1829,19169000200.0,535106180,52375
1830,19169000200.0,535177100,52375
1831,19169000600.0,531363040,60833
1832,19169001101.0,909275080,
1833,19169001000.0,910202050,26009
1834,19169001303.0,907196040,
1835,19169000102.0,528180070,
1836,19169000300.0,527451380,60500
1837,19169000400.0,534152100,61991
1838,19169000400.0,534252070,61991
1839,19169000102.0,528290140,
1840,19169000300.0,527404180,60500
1841,19169000600.0,904100190,60833
1842,19169001304.0,908228040,
1843,19169000900.0,902104060,37028
1844,19169000300.0,527455090,60500
1845,19169000102.0,528112150,
1846,19169000400.0,534430080,61991
1847,19169000600.0,905101070,60833
1848,19169000600.0,531451030,60833
1849,19169001302.0,923225490,59234
1850,19169000600.0,531385060,60833
1851,19169001303.0,907290070,
1852,19169001304.0,908188120,
1853,19169001303.0,907181100,
1854,19169000200.0,535457090,52375
1855,19169000900.0,902204060,37028
1856,19169000400.0,534429030,61991
1857,19169000900.0,902300020,37028
1858,19169001303.0,907254090,
1859,19169001304.0,908127060,
1860,19169000400.0,534177180,61991
1861,19169001302.0,923400125,59234
1862,19169000102.0,528174060,
1863,19169000102.0,528172070,
1864,19169000600.0,905229040,60833
1865,19169000200.0,535327160,52375
1866,19169000200.0,535377090,52375
1867,19169001302.0,916403250,59234
1868,19169001302.0,916475100,59234
1869,19169001304.0,908275220,
1870,19169000102.0,528190010,
1871,19169001303.0,907290180,
1872,19169000700.0,909101180,21333
1873,19169001302.0,923230190,59234
1874,19169000300.0,527453150,60500
1875,19169001302.0,923228420,59234
1876,19169000600.0,905108090,60833
1877,19169001302.0,914453045,59234
1878,19169000200.0,535302120,52375
1879,19169000200.0,535456110,52375
1880,19169000102.0,527328020,
1881,19169000200.0,535380050,52375
1882,19169001302.0,923250210,59234
1883,19169000200.0,535454060,52375
1884,19169000400.0,534401200,61991
1885,19169001101.0,909250030,
1886,19169000300.0,527375180,60500
1887,19169000700.0,905376090,21333
1888,19169000400.0,534476100,61991
1889,19169000102.0,528280100,
1890,19169000102.0,528228435,
1891,19169001302.0,923250060,59234
1892,19169000200.0,535152230,52375
1893,19169000600.0,906340120,60833
1894,19169000102.0,527107020,
1895,19169000102.0,528120120,
1896,19169001101.0,909425130,
1897,19169000102.0,528181050,
1898,19169000300.0,527359160,60500
1899,19169001303.0,907405140,
1900,19169000600.0,905226030,60833
1901,19169000700.0,904350045,21333
1902,19169000200.0,535454150,52375
1903,19169001101.0,909452102,
1905,19169001101.0,909250080,
1906,19169000900.0,902305090,37028
1907,19169000105.0,533212050,
1908,19169000900.0,902107030,37028
1909,19169001302.0,914476020,59234
1910,19169000600.0,905225080,60833
1911,19169000300.0,527301245,60500
1912,19169000300.0,527451550,60500
1913,19169000900.0,903476090,37028
1914,19169000900.0,902110090,37028
1915,19169000102.0,527132090,
1916,19169000300.0,527450220,60500
1917,19169001101.0,909425085,
1918,19169001000.0,910200060,26009
1919,19169000300.0,527380240,60500
1920,19169000102.0,528186030,
1921,19169000102.0,528106070,
1922,19169000102.0,527163040,
1923,,534127140,
1924,19169000200.0,535376010,52375
1925,19169000300.0,527359070,60500
1926,19169000900.0,902134060,37028
1927,19169000300.0,527404150,60500
1928,19169000400.0,534475100,61991
1929,19169000105.0,528363110,
1930,19169001302.0,916460020,59234
1931,,528142140,
1932,19169000600.0,906392070,60833
1933,19169000600.0,904101110,60833
1934,19169001303.0,907412070,
1935,19169000900.0,903201080,37028
1936,19169000400.0,534401120,61991
1937,19169000900.0,902207140,37028
1938,19169001304.0,908127040,
1940,19169000600.0,531376070,60833
1941,19169001000.0,903456090,26009
1943,19169000300.0,527301170,60500
1944,19169000102.0,528240130,
1945,19169000102.0,528275070,
1946,19169000700.0,904302010,21333
1947,19169000900.0,902306120,37028
1948,19169000400.0,534251030,61991
1949,19169000900.0,902406020,37028
1950,19169000600.0,906392080,60833
1951,19169000400.0,534175080,61991
1952,19169000105.0,533242080,
1953,19169001302.0,914474020,59234
1954,19169000300.0,534129040,60500
1955,19169000200.0,535402270,52375
1956,19169000200.0,535353060,52375
1957,19169000400.0,534475250,61991
1958,19169000102.0,527425025,
1959,19169000900.0,902205140,37028
1960,19169000600.0,906475200,60833
1961,19169001101.0,909251090,
1962,19169000200.0,535155110,52375
1963,19169000300.0,527403310,60500
1964,19169000102.0,527162080,
1965,19169000700.0,905325030,21333
1966,19169000105.0,533253160,
1967,19169001303.0,907125120,
1968,19169001000.0,903457040,26009
1969,19169000900.0,902325160,37028
1970,19169000102.0,528235050,
1971,19169000105.0,528478040,
1972,19169000102.0,528240040,
1973,19169000102.0,528178090,
1974,19169001302.0,923277080,59234
1975,19169000900.0,903235010,37028
1976,19169001302.0,923275010,59234
1977,19169000105.0,528439060,
1978,19169001303.0,907290140,
1979,19169000200.0,535126100,52375
1980,19169000200.0,535325320,52375
1981,19169000102.0,527226010,
1982,19169000200.0,535354130,52375
1983,19169001101.0,909101070,
1984,19169000600.0,905201030,60833
1985,19169001302.0,923203190,59234
1986,19169000200.0,535383100,52375
1987,19169000600.0,531376030,60833
1988,19169000900.0,902206130,37028
1989,19169000104.0,532478020,
1990,19169000600.0,532377140,60833
1991,19169000105.0,528458060,
1992,19169000104.0,533350020,
1993,19169000700.0,904301100,21333
1994,19169000200.0,535403010,52375
1995,19169001302.0,923277030,59234
1996,19169000102.0,527184110,
1997,19169000200.0,535152060,52375
1998,19169000102.0,527166010,
1999,19169000900.0,903206170,37028
2000,19169000300.0,534226120,60500
2001,19169000300.0,527355060,60500
2002,19169001100.0,909282060,20878
2003,19169000100.0,527127150,82985
2004,19169000100.0,528365070,82985
2005,19169001100.0,909475140,20878
2006,19169000600.0,906380190,60833
2007,19169000200.0,535177110,52375
2008,19169000100.0,527401160,82985
2009,19169000900.0,902400110,37028
2010,19169000300.0,527353080,60500
2011,19169000400.0,534278170,61991
2012,19169000100.0,533252020,82985
2013,19169001302.0,923202220,59234
2014,19169001302.0,907251100,59234
2015,19169000200.0,535451190,52375
2016,19169000900.0,902128020,37028
2018,19169000900.0,903425340,37028
2019,19169000300.0,527402200,60500
2020,19169000300.0,527301080,60500
2021,19169001302.0,923275140,59234
2022,19169000200.0,535475010,52375
2023,19169000600.0,532354230,60833
2024,19169000100.0,528150040,82985
2025,19169000100.0,533244040,82985
2026,19169000600.0,531450030,60833
2027,19169000300.0,527354040,60500
2028,19169000200.0,535305120,52375
2029,19169000200.0,535151100,52375
2030,19169000900.0,902304040,37028
2031,19169000600.0,906392130,60833
2032,19169000100.0,528358030,82985
2033,19169000600.0,906380210,60833
2034,19169000300.0,527452100,60500
2035,19169000300.0,527450150,60500
2036,19169001302.0,907125090,59234
2037,19169001302.0,908130020,59234
2038,19169001302.0,907194160,59234
2039,19169001302.0,907131060,59234
2040,19169000600.0,531363060,60833
2041,19169001000.0,903484110,26009
2042,19169000200.0,535402090,52375
2043,19169000900.0,902402010,37028
2044,19169000200.0,526355170,52375
2045,19169000200.0,535301160,52375
2046,19169000700.0,905480160,21333
2047,19169000100.0,527107120,82985
2048,19169000900.0,902201140,37028
2049,19169000400.0,534479130,61991
2050,19169000100.0,528186080,82985
2051,19169001302.0,923225510,59234
2052,19169000200.0,535180070,52375
2053,19169001000.0,903456110,26009
2054,19169000600.0,905104030,60833
2055,19169000100.0,528346050,82985
2056,19169000600.0,906392110,60833
2057,19169000200.0,535375130,52375
2058,19169000300.0,527357020,60500
2059,19169000900.0,903227140,37028
2060,19169000400.0,534175140,61991
2061,19169000900.0,902106140,37028
2062,19169001302.0,923228200,59234
2063,19169000300.0,527353020,60500
2064,19169001302.0,907290150,59234
2065,19169000200.0,535176050,52375
2066,19169000100.0,528280180,82985
2067,,909451150,
2068,19169000600.0,906402060,60833
2069,19169000300.0,527403360,60500
2070,19169000400.0,534176250,61991
2071,19169000300.0,527378020,60500
2072,19169001000.0,903455030,26009
2073,19169001302.0,908275090,59234
2074,19169000100.0,528120110,82985
2075,19169000200.0,535450100,52375
2076,19169000300.0,527301010,60500
2077,19169000200.0,535302200,52375
2078,19169001100.0,909252220,20878
2079,19169001302.0,923227030,59234
2080,19169000100.0,527107240,82985
2081,19169001100.0,916226030,20878
2082,19169001100.0,909178160,20878
2083,19169000600.0,906201022,60833
2084,19169001302.0,908102020,59234
2085,19169000600.0,531380080,60833
2086,19169000300.0,527376100,60500
2087,19169000600.0,905200280,60833
2088,19169000200.0,535402140,52375
2089,19169000600.0,905101100,60833
2090,19169000100.0,527226020,82985
2091,19169000200.0,535451230,52375
2092,19169000100.0,528360050,82985
2093,19169001302.0,907265010,59234
2094,19169000600.0,531375140,60833
2095,19169000200.0,535125060,52375
2096,19169001302.0,908186060,59234
2097,19169000200.0,526351030,52375
2098,19169000200.0,535451100,52375
2099,19169000700.0,905451050,21333
2100,19169000600.0,905226080,60833
2101,19169001302.0,924151050,59234
2102,19169000900.0,903232190,37028
2103,19169000600.0,905103130,60833
2104,19169000900.0,902427140,37028
2105,19169000200.0,535152050,52375
2106,19169001302.0,907262070,59234
2107,19169000300.0,527327080,60500
2108,19169000100.0,527146030,82985
2109,19169000900.0,903427120,37028
2110,19169000600.0,533352075,60833
2111,19169001302.0,907265030,59234
2112,19169000600.0,531380110,60833
2113,19169000900.0,903232100,37028
2114,19169001100.0,909428180,20878
2115,19169000400.0,534476150,61991
2116,19169000300.0,527378010,60500
2117,19169001302.0,924100040,59234
2118,19169001100.0,909275020,20878
2119,19169000700.0,909101190,21333
2120,19169000900.0,903206120,37028
2121,19169000700.0,904301410,21333
2122,19169001302.0,907295040,59234
2123,19169001302.0,907176010,59234
2124,19169000600.0,905100060,60833
2125,19169000600.0,532376110,60833
2126,19169001302.0,914460020,59234
2127,19169000100.0,528188020,82985
2128,19169000300.0,527454200,60500
2130,19169000100.0,528482030,82985
2131,19169001302.0,907280100,59234
2132,19169000100.0,527110080,82985
2133,19169000100.0,528118090,82985
2134,19169000200.0,535105110,52375
2135,19169000200.0,526354020,52375
2136,19169000200.0,535477130,52375
2137,19169000700.0,905452070,21333
2138,19169000600.0,906378110,60833
2139,19169001100.0,909426090,20878
2140,19169000100.0,533236090,82985
2141,19169001302.0,908275280,59234
2142,19169000900.0,903228090,37028
2143,19169000600.0,531385070,60833
2144,19169000300.0,527356050,60500
2145,19169000100.0,527166030,82985
2146,19169001302.0,907290230,59234
2147,19169000100.0,528186050,82985
2148,19169000200.0,535452120,52375
2149,19169000100.0,528482130,82985
2150,19169000400.0,534403050,61991
2151,19169000100.0,533244030,82985
2152,19169000100.0,528365080,82985
2153,19169000900.0,902206090,37028
2154,19169001100.0,909425010,20878
2155,19169001302.0,916384080,59234
2156,19169001100.0,909101330,20878
2157,19169000200.0,535380110,52375
2158,19169000900.0,903236010,37028
2159,19169000600.0,905101200,60833
2160,19169000600.0,531375110,60833
2161,19169001302.0,907405030,59234
2162,19169001302.0,908276230,59234
2163,19169001200.0,909256060,86520
2164,19169000100.0,527108030,82985
2165,19169000600.0,906475100,60833
2166,,907275010,
2167,19169000300.0,527404100,60500
2168,19169000700.0,905403150,21333
2169,19169000100.0,533350120,82985
2170,19169001100.0,909254010,20878
2171,19169000100.0,533221040,82985
2172,19169000100.0,533254050,82985
2173,19169000200.0,535178120,52375
2174,19169000300.0,527403020,60500
2175,19169001302.0,916125360,59234
2176,19169001100.0,909277040,20878
2177,19169000300.0,527302175,60500
2178,19169000600.0,905101490,60833
2179,19169001302.0,907227100,59234
2180,19169001000.0,911370510,26009
2181,19169001302.0,907414030,59234
2182,19169001100.0,909275110,20878
2183,19169000600.0,905200260,60833
2184,19169000900.0,902105130,37028
2185,19169000400.0,534453140,61991
2186,19169001302.0,907203070,59234
2187,19169001000.0,910226040,26009
2188,19169000700.0,905451410,21333
2189,19169001302.0,907295020,59234
2190,19169000100.0,533250190,82985
2191,19169000300.0,527450010,60500
2192,19169000600.0,906385020,60833
2194,,902109140,
2195,19169000400.0,534403100,61991
2196,19169000200.0,535453080,52375
2197,19169000100.0,528250100,82985
2198,19169001302.0,907130100,59234
2199,19169000200.0,535152280,52375
2200,19169000100.0,528166090,82985
2201,19169000100.0,528480040,82985
2202,19169000200.0,535300040,52375
2203,19169000100.0,533215070,82985
2204,19169000300.0,527451520,60500
2205,19169000700.0,905475270,21333
2206,19169001302.0,908102030,59234
2207,19169001100.0,909177100,20878
2208,19169000900.0,902302150,37028
2209,19169001302.0,907201160,59234
2210,19169000300.0,527453060,60500
2211,19169000600.0,905225020,60833
2212,19169000100.0,528181010,82985
2213,19169001302.0,917425190,59234
2214,19169000100.0,528180130,82985
2215,19169000600.0,531363030,60833
2216,19169000900.0,902102060,37028
2217,19169001302.0,923229040,59234
2218,19169001000.0,903450110,26009
2219,19169001200.0,909256020,86520
2220,19169000100.0,533221110,82985
2221,19169000200.0,526355080,52375
2222,19169001302.0,907181120,59234
2223,19169000900.0,903234160,37028
2224,19169000200.0,535454030,52375
2225,19169000400.0,534152070,61991
2226,19169000600.0,905106170,60833
2227,19169001200.0,909257050,86520
2228,19169000400.0,534252060,61991
2229,19169000900.0,903200080,37028
2230,19169001302.0,907126010,59234
2231,19169001302.0,907285020,59234
2232,19169000900.0,902109130,37028
2233,19169001000.0,903450060,26009
2234,19169001302.0,916455010,59234
2235,19169000200.0,535152070,52375
2236,19169000900.0,902206270,37028
2237,19169000400.0,534427090,61991
2238,19169001100.0,909279040,20878
2239,19169000100.0,533130020,82985
2240,19169000300.0,527455270,60500
2241,19169000200.0,526302110,52375
2242,19169000700.0,905401100,21333
2243,19169000900.0,903227150,37028
2244,19169000400.0,534251320,61991
2245,19169001100.0,909100080,20878
2246,19169000600.0,905200160,60833
2247,19169001302.0,914478020,59234
2248,19169000300.0,527451650,60500
2249,,528142150,
2250,19169000600.0,531452210,60833
2251,19169000100.0,528168030,82985
2252,19169001302.0,923202105,59234
2253,19169000400.0,534401190,61991
2254,19169001302.0,907175100,59234
2255,19169000900.0,902110010,37028
2256,19169000400.0,534431020,61991
2257,19169001302.0,908186080,59234
2258,19169000900.0,903233030,37028
2259,19169000900.0,902406070,37028
2260,19169000600.0,532354010,60833
2261,19169001302.0,916380070,59234
2262,19169000900.0,903425420,37028
2263,19169001302.0,907227030,59234
2264,19169001000.0,910205120,26009
2265,19169000600.0,906201120,60833
2266,19169001302.0,923251080,59234
2267,19169000400.0,534451080,61991
2268,19169000900.0,902103090,37028
2269,19169001100.0,909428240,20878
2270,19169000100.0,528120130,82985
2271,19169001302.0,907255030,59234
2272,19169001302.0,908102270,59234
2273,19169001100.0,909100150,20878
2274,19169000900.0,903231060,37028
2275,19169001302.0,923201020,59234
2276,19169000400.0,534429150,61991
2277,19169000300.0,534129060,60500
2278,19169000400.0,534151090,61991
2279,19169001000.0,910204050,26009
2280,19169000200.0,535457040,52375
2281,19169000900.0,903426200,37028
2282,19169000200.0,535383070,52375
2283,19169000200.0,535353180,52375
2284,19169001302.0,908128050,59234
2285,19169000100.0,528429050,82985
2286,19169000300.0,527455240,60500
2287,19169000600.0,906476030,60833
2288,19169001100.0,909254140,20878
2289,19169000300.0,527359030,60500
2290,19169000100.0,533251110,82985
2291,19169001302.0,908178050,59234
2292,19169001302.0,923225040,59234
2293,19169001302.0,916455110,59234
2294,19169000600.0,531452050,60833
2296,19169000700.0,905351045,21333
2297,19169000600.0,905100030,60833
2298,19169001100.0,909101100,20878
2299,19169000900.0,902201130,37028
2300,19169000100.0,527162140,82985
2301,19169000100.0,527108040,82985
2302,19169000400.0,534476080,61991
2303,19169000900.0,902404010,37028
2304,19169000900.0,902328040,37028
2305,19169001302.0,908102060,59234
2306,19169000100.0,533250130,82985
2307,19169000200.0,535380010,52375
2308,19169000600.0,532353130,60833
2310,19169000600.0,531363050,60833
2311,19169001302.0,908154080,59234
2312,19169000400.0,534455030,61991
2314,19169000700.0,905352180,21333
2315,19169001302.0,916382100,59234
2316,19169000600.0,906201130,60833
2317,19169000300.0,534125210,60500
2319,19169000200.0,535126140,52375
2320,19169000200.0,535126010,52375
2321,19169000100.0,533252040,82985
2322,19169000300.0,527356060,60500
2323,19169000200.0,535151020,52375
2324,19169000100.0,528294050,82985
2325,19169001302.0,923205015,59234
2326,19169000100.0,527183060,82985
2327,19169000700.0,904351280,21333
2328,19169001302.0,914465020,59234
2329,19169001302.0,916386060,59234
2330,19169000100.0,528250020,82985
2331,19169000100.0,532476080,82985
2332,19169000300.0,527453070,60500
2333,19169000900.0,902134120,37028
2334,19169001000.0,903452090,26009
2335,19169000100.0,533212110,82985
2336,19169000900.0,902301060,37028
2337,19169000400.0,534276040,61991
2338,19169001100.0,909280070,20878
2339,19169000300.0,527451640,60500
2341,19169001302.0,916460070,59234
2342,19169000100.0,528120150,82985
2343,19169000900.0,902125160,37028
2344,19169000200.0,535154130,52375
2345,19169000100.0,527165230,82985
2346,19169001302.0,907412090,59234
2347,19169000100.0,528228465,82985
2348,19169001302.0,907126050,59234
2349,19169000600.0,906204230,60833
2350,19169000900.0,903233220,37028
2351,19169000100.0,528280150,82985
2352,19169000300.0,527403040,60500
2353,19169000100.0,533253090,82985
2354,19169000100.0,528180080,82985
2355,19169000100.0,528118020,82985
2356,19169000400.0,534477030,61991
2357,19169000600.0,532353020,60833
2358,19169000100.0,527162120,82985
2359,19169000900.0,903425110,37028
2360,19169001302.0,907285010,59234
2361,19169001302.0,907192150,59234
2362,19169000600.0,532353050,60833
2363,19169000100.0,528280230,82985
2364,,907280090,
2365,19169000600.0,531450090,60833
2366,19169000700.0,905351089,21333
2367,19169000700.0,905452120,21333
2368,19169001302.0,923275080,59234
2369,19169001302.0,908275200,59234
2370,19169000700.0,904352190,21333
2371,19169001302.0,923275090,59234
2372,19169001302.0,923425030,59234
2373,19169000100.0,527256120,82985
2374,19169000300.0,534202130,60500
2375,19169000300.0,527450250,60500
2376,19169000900.0,903232170,37028
2377,19169000600.0,531369020,60833
2378,19169000600.0,906380220,60833
2379,19169000900.0,902106120,37028
2380,19169000200.0,535325450,52375
2381,19169000300.0,527402060,60500
2382,19169001100.0,909426080,20878
2383,19169000100.0,527165020,82985
2384,19169001302.0,916403130,59234
2385,19169000100.0,527162130,82985
2386,19169000200.0,535450070,52375
2387,19169000600.0,905107310,60833
2388,19169000900.0,902104020,37028
2389,19169000600.0,905109130,60833
2390,19169000100.0,527146010,82985
2391,19169000100.0,527107090,82985
2392,19169000200.0,535152250,52375
2393,19169000900.0,902401010,37028
2394,19169000100.0,528363130,82985
2395,19169000300.0,534201250,60500
2396,19169000300.0,527455100,60500
2397,19169000100.0,528240050,82985
2398,19169000600.0,906424010,60833
2399,19169000200.0,535456020,52375
2400,19169000200.0,535125090,52375
2401,19169000700.0,905477050,21333
2402,19169001302.0,923228370,59234
2403,19169000200.0,535425010,52375
2404,19169001302.0,907425030,59234
2405,19169001100.0,909254100,20878
2406,19169000100.0,533253210,82985
2407,19169001302.0,908203090,59234
2408,19169001302.0,907255060,59234
2409,19169000100.0,528366040,82985
2410,,534127080,
2411,19169000100.0,528228455,82985
2412,19169000200.0,535380140,52375
2413,19169000100.0,527163070,82985
2414,19169001302.0,907130110,59234
2415,19169000100.0,528116030,82985
2416,19169000900.0,902106040,37028
2417,19169000100.0,527190050,82985
2418,19169000900.0,903231030,37028
2419,19169000900.0,903231080,37028
2420,19169000900.0,902327040,37028
2421,19169000200.0,535303050,52375
2422,19169001100.0,909251170,20878
2423,19169001302.0,914478110,59234
2424,19169000900.0,902326060,37028
2425,19169001302.0,923225310,59234
2426,19169000100.0,528429090,82985
2427,19169000300.0,527359080,60500
2428,19169000200.0,535303030,52375
2429,19169001302.0,914475020,59234
2430,19169001000.0,903454060,26009
2431,19169000100.0,528120160,82985
2432,19169001302.0,923252100,59234
2433,19169000700.0,905426030,21333
2434,19169000200.0,535476360,52375
2435,19169000100.0,528364110,82985
2436,19169000600.0,532376180,60833
2437,19169001302.0,907250020,59234
2438,19169000100.0,528235010,82985
2440,,528142130,
2441,19169000700.0,905475150,21333
2442,19169000900.0,902105020,37028
2443,19169000100.0,527165130,82985
2444,19169000900.0,902202150,37028
2445,19169000100.0,527105030,82985
2446,19169000200.0,535152200,52375
2447,19169001302.0,907410080,59234
2448,19169001302.0,916386080,59234
2449,19169000400.0,534479240,61991
2450,19169001302.0,916386040,59234
2451,19169000100.0,527161040,82985
2452,19169000100.0,528490070,82985
2453,19169001100.0,909175050,20878
2454,19169000700.0,908275040,21333
2455,19169000100.0,534104090,82985
2456,19169000100.0,528218090,82985
2457,19169000600.0,532378110,60833
2458,19169000300.0,527355280,60500
2459,19169000200.0,535151040,52375
2461,19169001000.0,910203090,26009
2462,19169000200.0,535151080,52375
2463,19169001302.0,923228390,59234
2464,19169000300.0,527405180,60500
2465,19169001302.0,923225300,59234
2466,19169001302.0,923230180,59234
2467,19169000100.0,527256030,82985
2468,19169000100.0,528188040,82985
2469,19169000900.0,902125120,37028
2470,19169000300.0,534202170,60500
2471,19169000700.0,905477010,21333
2472,19169001302.0,923226250,59234
2473,19169001302.0,907203010,59234
2474,19169000200.0,535351050,52375
2475,19169000600.0,906420130,60833
2476,19169000400.0,534428020,61991
2477,19169001302.0,907192020,59234
2478,19169000100.0,528386040,82985
2479,19169000900.0,902406090,37028
2480,19169000200.0,535353050,52375
2481,19169000600.0,532376080,60833
2482,19169000900.0,903231130,37028
2483,19169000300.0,527455080,60500
2484,19169000100.0,528250010,82985
2485,19169001100.0,909101010,20878
2486,19169001100.0,909275050,20878
2487,19169000300.0,527302060,60500
2488,19169000400.0,534450110,61991
2489,19169000200.0,535382130,52375
2490,19169000200.0,535105030,52375
2491,19169000100.0,533253050,82985
2492,19169000100.0,528138060,82985
2493,19169000200.0,535377070,52375
2494,19169000600.0,905201120,60833
2495,19169001302.0,923204150,59234
2496,19169001302.0,907135040,59234
2498,19169000900.0,903204040,37028
2499,19169000600.0,905100080,60833
2500,19169001000.0,910202100,26009
2501,19169001000.0,903454100,26009
2502,19169000100.0,528292020,82985
2503,19169000900.0,903231070,37028
2504,,528110010,
2505,19169000100.0,528228325,82985
2506,19169000400.0,534401110,61991
2507,19169001302.0,908226130,59234
2508,19169000400.0,534252090,61991
2509,19169000900.0,902330090,37028
2510,19169000200.0,535354070,52375
2511,19169001302.0,916326010,59234
2512,19169000600.0,905200380,60833
2513,19169000900.0,902406030,37028
2514,19169000200.0,535354200,52375
2515,19169001302.0,923226150,59234
2516,19169000900.0,903234050,37028
2517,19169000600.0,532353030,60833
2518,19169000400.0,534431070,61991
2519,19169000100.0,528435050,82985
2520,19169000100.0,528482040,82985
2521,19169000600.0,904101070,60833
2522,19169000100.0,528102040,82985
2523,19169000300.0,527452060,60500
2524,19169000300.0,534127260,60500
2525,19169001302.0,907275140,59234
2526,19169000900.0,903201020,37028
2527,19169000400.0,534278150,61991
2528,19169000100.0,527182040,82985
2529,19169000100.0,528120020,82985
2530,19169000700.0,905476120,21333
2531,19169001000.0,910201130,26009
2532,19169000600.0,905201020,60833
2533,19169000200.0,535181030,52375
2534,19169001302.0,913350030,59234
2535,19169000600.0,531451020,60833
2536,19169000600.0,531452140,60833
2537,19169000600.0,906201023,60833
2538,19169000700.0,904302030,21333
2539,19169000600.0,905105200,60833
2540,19169000600.0,905108170,60833
2541,19169000300.0,534129370,60500
2542,19169000100.0,528275160,82985
2543,19169001302.0,914476520,59234
2544,19169000700.0,905451330,21333
2545,19169000900.0,903401050,37028
2546,19169000600.0,905101310,60833
2547,19169000900.0,903232090,37028
2548,19169000200.0,535425070,52375
2549,19169001302.0,907227300,59234
2550,19169000900.0,902306130,37028
2551,19169000900.0,903202170,37028
2552,19169000900.0,902207010,37028
2553,19169000200.0,535478070,52375
2554,19169000900.0,902109010,37028
2555,19169001302.0,907185050,59234
2556,19169000400.0,534275220,61991
2557,19169000200.0,535450220,52375
2558,19169000900.0,902305080,37028
2559,19169000200.0,535304100,52375
2560,19169000100.0,528250040,82985
2561,19169001302.0,907262030,59234
2562,19169001302.0,907285040,59234
2563,19169000200.0,535302080,52375
2564,19169000600.0,905107250,60833
2565,19169000200.0,535179020,52375
2566,19169000100.0,533217060,82985
2567,19169000100.0,527165100,82985
2568,19169000100.0,528290120,82985
2569,19169000200.0,535101110,52375
2570,19169000200.0,535402220,52375
2571,19169000100.0,533208080,82985
2572,19169001100.0,916225130,20878
2573,19169001000.0,910200110,26009
2574,19169000400.0,534479150,61991
2575,19169000100.0,528294010,82985
2576,19169000600.0,905102170,60833
2577,19169000600.0,532376170,60833
2578,19169000700.0,905377050,21333
2579,19169000400.0,534430050,61991
2580,19169001302.0,908128100,59234
2581,19169000900.0,903205040,37028
2582,19169000700.0,905402060,21333
2583,19169001100.0,909275030,20878
2584,19169001302.0,907192040,59234
2585,19169000600.0,906223180,60833
